gene,detection,pct_change
SAMD11,0.0657,-41.25
MXRA8,0.0679,-3.74
AURKAIP1,0.0657,-24.15
ANKRD65,0.0514,-2.36
PRKCZ,0.0738,-11.9
PEX10,0.064,-5.76
PANK4,0.0592,-0.2
HES5,0.0724,-6.81
TNFRSF14,0.0464,-16.18
TPRG1L,0.0572,4.61
AL365255.1,0.0461,20.04
ICMT,0.0481,5.46
TNFRSF25,0.0705,0.52
SLC45A1,0.062,5.79
SPSB1,0.0734,-25.3
TMEM201,0.047,10.14
AL139424.2,0.0729,5.73
CASZ1,0.0507,5.44
AL109811.1,0.0714,-15.28
FBXO6,0.0508,-1.72
PDPN,0.0521,-8.67
SLC25A34,0.0527,5.83
UQCRHL,0.0578,26.37
FAM131C,0.0596,24.96
IGSF21,0.057,10.4
SLC66A1,0.056,-0.17
MUL1,0.074,8.65
HSPG2,0.0546,-5.03
ZNF436,0.0459,0.46
LYPLA2,0.0519,-2.7
GALE,0.0719,-2.78
FUCA1,0.0493,-7.9
IFNLR1,0.0631,-0.53
AL031432.4,0.0759,12.15
RHD,0.0697,-14.25
RHCE,0.0664,-6.1
LDLRAP1,0.0741,6.81
PAQR7,0.0532,-0.42
CEP85,0.073,-1.37
SH3BGRL3,0.054,-19.43
IFI6,0.0476,3.54
RCC1,0.0665,-0.17
SNHG3,0.0586,5.51
PEF1,0.0722,2.59
CCDC28B,0.0516,-7.94
EIF3I,0.0544,3.48
TSSK3,0.0672,10.97
AL020995.1,0.057,-37.84
AL513327.1,0.0469,-28.93
ZSCAN20,0.0462,4.62
C1orf216,0.047,1.96
AL138787.2,0.0587,-40.19
ADPRHL2,0.0652,-5.63
SNIP1,0.0744,-6.31
C1orf109,0.0484,-4.66
UTP11,0.0668,1.65
POU3F1,0.0651,5.44
AL442071.2,0.0524,-31.73
HPCAL4,0.0607,-3.39
AL050341.2,0.0537,-13.43
RIMS3,0.0577,7.84
CTPS1,0.066,-2.17
SLFNL1-AS1,0.0466,-31.02
RIMKLA,0.0526,-14.37
ZMYND12,0.0535,0.34
AC098484.4,0.0561,-21.65
C1orf50,0.0748,2.04
MED8,0.0536,-7.52
HYI,0.075,-8.38
AL357079.1,0.0687,-10.42
SLC6A9,0.07,6.9
AL139220.2,0.0571,-2.12
AL592166.1,0.0555,5.41
HECTD3,0.0604,-10.43
UROD,0.0584,-9.7
STIL,0.0602,-1.13
CPT2,0.071,-3.09
AL606760.2,0.0524,10.71
GLIS1,0.0531,-7.6
CYB5RL,0.0713,-0.35
MRPL37,0.0694,-5.57
DHCR24,0.0613,-22.77
LINC01739,0.055,15.48
DLEU2L,0.0556,2.81
ROR1-AS1,0.0501,-1.49
AL139294.1,0.065,-37.93
MSH4,0.0728,10.39
NEXN,0.0759,-18.93
IFI44L,0.0638,-36.58
WDR63,0.0466,-3.94
COL24A1,0.0689,-11.8
GBP1,0.051,-14.34
GBP2,0.0596,22.93
AC104459.1,0.0654,25.92
AL627316.1,0.0538,-47.78
LINC02609,0.0573,-6.57
EPHX4,0.0471,-8.8
DNTTIP2,0.0529,5.9
PLPPR4,0.0632,-0.52
AL445928.2,0.0733,-33.34
TAF13,0.0735,-7.72
AL356488.2,0.0696,96.85
ATXN7L2,0.054,3.79
SLC16A4,0.0627,-17.01
AL355488.1,0.0664,3.24
DDX20,0.0509,-11.95
DENND2C,0.061,4.87
NRAS,0.0612,11.01
VANGL1,0.0536,-9.44
WDR3,0.0612,-7.99
SRGAP2B,0.075,-6.72
PEX11B,0.076,-6.62
LIX1L-AS1,0.0502,-12.06
SF3B4,0.0461,-5.83
CIART,0.0548,-5.33
ECM1,0.0483,11.47
FALEC,0.0698,-2.1
MLLT11,0.0651,9.89
SEMA6C,0.0565,7.84
SCNM1,0.0645,-3.28
VPS72,0.0727,2.97
TDRKH,0.0489,-5.79
ILF2,0.0675,-8.41
SLC39A1,0.0619,-8.94
RAB13,0.0583,-5.24
SHE,0.0665,32.42
UBE2Q1,0.0733,1.52
SLC50A1,0.0471,-10.39
MUC1,0.0763,1.18
MTX1,0.0479,-0.36
RUSC1-AS1,0.0461,-2.83
RUSC1,0.073,-1.55
MSTO1,0.0522,-8.27
SSR2,0.0761,-6.1
LAMTOR2,0.0499,-17.73
TMEM79,0.0598,0.36
GLMP,0.0517,-1.58
MRPL24,0.058,-21.99
ETV3,0.0531,7.88
PEX19,0.0737,-2.81
USF1,0.0556,1.15
UFC1,0.0736,-17.86
AL592295.4,0.0585,17.35
TMCO1-AS1,0.0526,-8.2
MAEL,0.065,-3.51
CD247,0.0481,-8.18
TBX19,0.047,-1.96
LINC00970,0.0631,21.94
CCDC181,0.0685,-26.19
Z99572.1,0.0554,-1.7
BX284613.2,0.0479,17.17
EEF1AKNMT,0.0539,1.15
LINC02803,0.0699,10.55
AL136114.1,0.0492,20.84
ANGPTL1,0.057,-7.52
AXDND1,0.0587,-7.62
AL162431.1,0.0567,-2.77
LINC01344,0.0702,-10.09
RNASEL,0.0691,-5.68
RGS16,0.0491,-33.11
LINC01351,0.0477,3.2
AL390957.1,0.0499,-2.2
GLRX2,0.051,-4.49
AL136456.1,0.0505,40.7
ZNF281,0.0679,-3.69
IGFN1,0.0509,-21.37
PHLDA3,0.0708,1.37
RABIF,0.0466,-0.36
TMEM183A,0.0736,-8.8
SNRPE,0.0729,-10.33
ETNK2,0.0713,22.37
CNTN2,0.0634,7.77
MFSD4A,0.0577,-4.6
HSD11B1-AS1,0.0547,-18.41
UTP25,0.0645,-1.92
SMYD2,0.0536,-18.77
TAF1A,0.0478,1.96
DNAH14,0.06,-3.16
PYCR2,0.0649,-3.31
LIN9,0.055,5.32
JMJD4,0.0488,-4.79
RNF187,0.07,8.17
AL118511.1,0.0548,-14.84
SPRTN,0.0613,-8.16
DISC1,0.0547,-9.82
KCNK1,0.0597,4.21
COA6,0.062,-7.56
GGPS1,0.0749,8.81
TBCE ENSG00000284770,0.0603,-6.06
AL359921.1,0.054,11.8
OPN3,0.0513,6.15
CHML,0.0535,-6.69
LINC02774,0.0699,-13.32
AL645465.1,0.0486,24.98
TFB2M,0.0502,-5.67
AL390728.6,0.0711,-7.51
SH3BP5L,0.0612,1
ZNF672,0.053,-4.97
TMEM18,0.0568,-8.83
PXDN,0.0629,-4.84
AC231981.1,0.0481,-5.62
RNASEH1-AS1,0.0736,8.23
NRIR,0.0468,-6.44
RSAD2,0.0558,-21.87
ID2-AS1,0.0695,-25.51
AC080162.1,0.0763,0.62
GRHL1,0.0505,10.92
ODC1,0.0475,-10.01
MIR3681HG,0.0498,-3.9
AC064875.1,0.0536,10.8
LINC00276,0.0646,2.86
RDH14,0.0704,-8.07
SF3B6,0.0741,-3.56
FAM228A,0.0763,9.5
AC009228.1,0.0672,15.6
DRC1,0.0566,0.38
SLC35F6,0.072,9.88
TMEM214,0.053,1.29
EMILIN1,0.0729,7.3
ABHD1,0.0687,-5.15
SLC5A6,0.0512,5.54
ATRAID,0.0657,-6.79
UCN,0.0574,0.98
AC074117.1,0.0652,10.24
SNX17,0.0675,3.42
FNDC4,0.0554,-11.72
GPN1,0.0745,-4.6
EHD3,0.0607,-5.29
AL133243.2,0.0691,9.83
AL133243.3,0.0563,2.28
FAM98A,0.0728,0.38
AC017050.1,0.0629,7.5
AC007390.2,0.0512,11.17
RMDN2-AS1,0.047,-41.85
MORN2,0.0534,-11.84
AC092650.1,0.0653,-13.29
AC007682.1,0.0526,-40.26
CHAC2,0.0671,-22.15
GPR75,0.0519,5.64
VRK2,0.0504,-15.38
BCL11A,0.0571,-6.43
AC018462.1,0.0741,-34.3
B3GNT2,0.0489,8.43
AC092567.1,0.0637,-25.67
AC009501.3,0.0719,-28.29
PELI1,0.0577,-0.13
AC007389.3,0.0459,-31.73
PNO1,0.0539,-11.73
FAM136A,0.0661,-11.81
PAIP2B,0.0752,12.15
AC007878.1,0.0468,6.52
PRADC1,0.0594,-7.36
FBXO41,0.0462,-3.86
AC073263.1,0.0542,14.39
MTHFD2,0.048,-2.34
RTKN,0.0722,-3.15
AC005041.5,0.0547,-11.59
SEMA4F,0.0717,-1.88
HK2,0.0553,-35.23
AC022210.2,0.0664,-28.38
CAPG,0.0504,1.03
VAMP8,0.0665,-0.13
VAMP5,0.049,-14.83
TMEM150A,0.0701,-10.85
AC015971.1,0.0579,-38.87
PLGLB1,0.063,-7.75
PLGLB2,0.0551,-3.65
ZNF2,0.0505,3.01
FER1L5,0.0663,2.9
ANKRD39,0.0759,-4.34
LIPT1,0.0484,-8.56
LYG1,0.0642,-0.85
CREG2,0.0705,1.74
TMEM182,0.0479,1.99
LINC01965,0.0528,-5.09
LINC01159,0.059,-5.68
AC010884.1,0.0703,-14.96
AC009505.1,0.0465,-12.45
GCC2-AS1,0.0739,5.84
MTLN,0.0666,-31.23
MIR4435-2HG,0.0596,-8.25
AC093675.1,0.0535,-16.53
POLR1B,0.0584,-1.48
CHCHD5,0.0486,-8.67
STEAP3,0.053,3.81
AC012363.1,0.0727,1
TMEM185B,0.0567,13.13
AC012447.1,0.05,26.61
NIFK,0.0594,3.12
AC011246.1,0.0672,-0.41
MAP3K2-DT,0.046,-20.6
POLR2D,0.0717,6.7
C2orf27A,0.0578,-6.55
NCKAP5-AS2,0.0615,-29.01
CCNT2-AS1,0.0621,-1.87
AC105402.3,0.0643,220.01
RBM43,0.0524,1.19
NMI,0.0738,-3.67
LINC01876,0.0546,-38.67
AC019186.1,0.0618,10.28
RBMS1,0.0671,4.32
AC009299.3,0.0708,-12.54
IFIH1,0.0674,3.15
AC016766.1,0.049,-32.36
COBLL1,0.0626,-19.53
GALNT3,0.0472,-35.37
B3GALT1,0.0651,6.9
GAD1,0.0764,-16.33
AC010894.3,0.0572,-28.22
AC019080.1,0.059,-0.88
PDE11A,0.0483,7.57
NUP35,0.0713,-6.01
AC021851.1,0.0749,-0.86
AC021851.2,0.0568,-8.78
AC009315.1,0.0471,-12.56
AC017071.1,0.0574,1.32
AC007319.1,0.0659,2.7
CALCRL,0.0744,-37.77
ASNSD1,0.061,-4.34
NEMP2,0.0494,-1.2
AC114760.2,0.0617,-19.79
CFLAR-AS1,0.047,-25.34
FZD7,0.0501,2.61
EEF1B2,0.0647,-21.06
MDH1B,0.0554,-20.77
MYOSLID,0.0644,-29.58
AC009226.1,0.0504,-8.81
AC007038.2,0.0486,-9.85
AC108066.2,0.0526,9.31
AC068051.1,0.0727,-6.48
VWC2L,0.0732,10.98
ABCA12,0.0488,2.26
AC098820.1,0.0732,-6.15
RNF25,0.0535,-11.42
NHEJ1,0.0651,0.63
CNPPD1,0.0619,0.54
TUBA4A,0.0701,-13.95
GMPPA,0.0628,6.59
INHA,0.0502,-2.77
AC067956.1,0.0594,13.7
SCG2,0.0525,-30.19
MRPL44,0.0489,-2.65
SLC19A3,0.0592,7.6
SLC16A14,0.0509,-18.4
AC009950.1,0.0578,-31.08
SP140,0.0734,-17.45
AC009407.1,0.0579,5.1
AC073476.3,0.0465,25.92
AC019130.1,0.0565,-36.19
INPP5D,0.0646,1.91
LINC01937,0.0746,12.88
HDAC4-AS1,0.047,-23.24
CAPN10-DT,0.0569,-0.68
GPR35,0.0625,-3.18
PASK,0.0516,-8.06
ANO7,0.0531,-29.67
LINC01238,0.0466,9.1
CHL1-AS1,0.0575,-36
AC018832.1,0.0529,-35.42
AC023481.1,0.0737,-7.35
CAV3,0.0491,-18.84
OXTR,0.0666,43.2
LHFPL4,0.0685,-5.95
AC022382.2,0.0531,0.39
CPNE9,0.0596,-24.44
BRPF1,0.0461,16.4
JAGN1,0.0537,-4.2
PRRT3,0.0662,-0.62
AC083855.2,0.0608,-20.95
MKRN2OS,0.0642,-28.74
SH3BP5-AS1,0.0764,-4.92
SH3BP5,0.0585,-7.73
EAF1,0.0652,-4.64
DPH3,0.0529,-7.93
AC090644.1,0.0735,1.31
THRB-AS1,0.0482,11.58
AC092422.1,0.0759,-4.64
NEK10,0.0733,-8.36
OSBPL10,0.0559,-3.28
VILL,0.0496,2.67
ZNF620,0.0532,-11.18
HIGD1A,0.0685,-4.25
ZNF502,0.0504,-2.39
KIF15,0.0608,10.46
MYL3,0.0601,-23.82
NBEAL2,0.0578,-10.86
AC099778.1,0.0712,-12.45
ATRIP,0.0519,-0.73
COL7A1,0.0656,-16.65
SLC26A6,0.0467,-8
IMPDH2,0.0493,-10.25
USP19,0.0704,-3.01
NICN1,0.0592,5.06
APEH,0.0509,4.28
UBA7,0.0579,-15.1
CAMKV,0.0562,5.03
MON1A,0.0509,-5.12
IFRD2,0.0544,5.61
RASSF1,0.0629,-1.49
NPRL2,0.055,1.3
CYB561D2,0.0656,-5.83
TMEM115,0.0469,10.56
CACNA2D2,0.0526,-1.72
C3orf18,0.0737,4.07
MANF,0.0567,2.66
PARP3,0.0474,10.37
ABHD14B,0.0613,8.39
ABHD14A,0.0645,-13.16
ALAS1,0.0464,-4.59
BAP1,0.0678,-0.7
ACTR8,0.0744,3.2
HESX1,0.0546,-8.36
PDHB,0.0696,-4.51
AC126121.3,0.0482,-4.83
FEZF2,0.0625,-2.46
FRMD4B,0.0603,1.01
LINC00877,0.0509,20.93
CADM2-AS1,0.0468,-31.37
EPHA3,0.0577,-4.69
CPOX,0.063,6.39
ST3GAL6,0.0526,-11.99
AC129803.1,0.0473,-6.66
LNP1,0.0686,8.04
IMPG2,0.0691,-1.08
TRMT10C,0.0571,-16.3
AC079382.2,0.0505,4.31
TAGLN3,0.0572,-11.37
CD200,0.0731,-12.88
CCDC80,0.0532,-45.99
GTPBP8,0.0732,-1.3
ZBTB20-AS2,0.0634,-41.8
AC068633.1,0.0481,20.42
ARHGAP31-AS1,0.0599,-23.07
GTF2E1,0.0736,9.43
SEMA5B,0.0716,-9.44
PDIA5,0.072,-15.51
SLC12A8,0.074,-1.41
AC016924.1,0.0501,0.33
CFAP100,0.0693,-14.91
KIAA1257,0.0487,-9.98
ALG1L2,0.0512,-20.13
COL6A6,0.0519,-27.18
AC055733.2,0.0586,-40.11
NUDT16,0.0565,-17.42
AMOTL2,0.0657,8.21
DBR1,0.069,9.29
RBP2,0.0543,-35.78
AC107021.2,0.066,2.69
ZIC1,0.0459,-40.85
SIAH2-AS1,0.0645,4.53
RARRES1,0.074,-32.16
SMC4,0.0565,3.18
ZBBX,0.0555,-12.17
AC069243.1,0.0504,-14.18
SLC7A14,0.048,-15.11
EIF5A2,0.0586,5.31
ECT2,0.0683,14.11
ACTL6A,0.0683,-7.48
CCDC39,0.0544,-18.26
AC108734.4,0.0479,-13.74
LINC01994,0.0584,12.51
LINC01995,0.0544,-13.69
ABCF3,0.0547,2.06
EPHB3,0.0608,-8.31
MAGEF1,0.0624,-15.75
CRYGS,0.0655,6.65
AC007920.2,0.0469,-20.8
AC073365.1,0.0668,-6.22
LINC02028,0.0666,-5.84
WDR53,0.0752,-3.69
FBXO45,0.0543,2.86
AC016949.1,0.0504,-5.9
AC079140.6,0.0585,8.82
AC092574.2,0.0683,-27.93
AC116565.1,0.0495,-4.71
PDE6B,0.0697,-25.56
CPLX1,0.048,-8.49
IDUA,0.0694,-0.33
AC092535.4,0.064,23.57
C4orf48,0.0678,-27.41
TNIP2,0.0633,-6.47
NOP14-AS1,0.0651,-4.43
MSANTD1,0.0627,-3.76
LYAR,0.0576,-0.59
C4orf50,0.0581,-1.9
TADA2B,0.0691,6.1
GRPEL1,0.0507,-8.55
SH3TC1,0.0606,29.33
ZNF518B,0.0598,4.16
AC092546.1,0.052,23.85
LINC00504,0.0715,-9.44
AC006160.1,0.0715,-18.49
KCNIP4-IT1,0.0559,9.66
AC016687.2,0.0656,26.17
AC104078.1,0.0475,-14.75
NWD2,0.0583,-0.34
PGM2,0.0754,3.83
CORIN,0.0467,-2.94
AC107068.2,0.0733,-35.31
LRRC66,0.0501,11.36
LNX1,0.0711,-1.12
NOA1,0.0495,-8.66
TMPRSS11D,0.0479,-29.74
AC110795.1,0.0613,-6.86
AC034139.1,0.0531,-34.14
FRAS1,0.0707,-1.99
AC124016.1,0.0671,-6.34
COQ2,0.0465,4.58
C4orf36,0.0543,-8.34
SPP1,0.0606,-4.24
PYURF,0.0678,-11.37
MTTP,0.0762,18.22
H2AFZ,0.0648,-22.26
BANK1,0.0668,10.61
AC018797.3,0.0499,-30.63
CXXC4,0.0514,-4.63
CXXC4-AS1,0.0566,-10.38
AC092445.1,0.0716,59.04
MCUB,0.066,-22.62
CFI,0.0687,-22.63
GAR1,0.0605,-9.55
RRH,0.0571,-0.71
SNHG8,0.0757,-13.17
METTL14-DT,0.0524,17.26
EXOSC9,0.0717,10.66
AC021205.3,0.048,-28.32
SLC7A11-AS1,0.0582,-34.16
SCOC-AS1,0.063,-16.56
AC097658.2,0.0759,-30.67
HHIP,0.0629,-25.68
TTC29,0.0547,-6.28
AC069272.1,0.0461,-36.05
IQCM,0.0531,11.07
TMEM131L,0.0596,4.83
RNF175,0.0748,-7.92
LRAT,0.0643,-19.74
TMA16,0.0688,-0.58
AGA,0.0633,-7.78
ING2,0.0487,-10.89
ANKRD37,0.0726,-25.38
CCDC127,0.063,-2.21
EXOC3-AS1,0.0465,-10.08
MRPL36,0.0472,-25.51
ADAMTS16,0.0466,-23.76
LINC02145,0.0506,-19.7
LINC02196,0.0654,-5.1
C5orf49,0.0652,-6.39
AC091912.3,0.0729,-21.06
MIR4458HG,0.0642,-10.53
LINC02112,0.0643,12.1
DNAH5,0.07,-2.29
AC114964.2,0.0534,-26.52
LINC02241,0.0511,4.76
AC091946.1,0.0696,-0.69
AC025178.1,0.0616,38.46
AMACR,0.0558,1.21
RAD1,0.0727,-0.45
BRIX1,0.0499,-10
PLCXD3,0.0679,-15.01
CCDC152,0.0652,-2.15
AC025171.2,0.0462,-18.35
LINC02224,0.0509,-0.66
AC093297.2,0.0637,8.98
AC008966.1,0.0646,-10.39
AC026704.1,0.0517,-38.54
RGS7BP,0.0572,2.35
ADAMTS6,0.0475,-22.23
AC112206.2,0.0727,1.1
LINC02198,0.0739,3.41
TAF9,0.0559,-4.17
ARHGEF28,0.0691,2.8
GCNT4,0.0763,4.6
ANKRD31,0.0755,-2.25
ANKDD1B,0.0594,-8.1
VCAN-AS1,0.0471,-41.95
LINC02144,0.0654,-4.72
MBLAC2,0.0581,-0.97
SPATA9,0.0564,8.8
LINC01554,0.0546,-2.07
RIOK2,0.0761,-4.96
AC113385.1,0.0507,-29.16
LINC01950,0.0744,10.83
STARD4,0.0684,2.86
STARD4-AS1,0.0654,-35.56
EPB41L4A-AS1,0.0553,-9.66
AC079465.1,0.0659,5.2
CDO1,0.0567,5.6
LINC02208,0.0562,6.18
PPIC,0.0729,7.87
PRDM6,0.0605,6.18
AC116362.1,0.0559,-9.89
AC011416.3,0.074,28.15
ADAMTS19,0.0517,-3.55
IRF1,0.0578,-22.46
C5orf66,0.0462,-9.45
PKD2L2,0.048,-6.93
SPATA24,0.0469,-3.35
WDR55,0.0751,-2.78
ZMAT2,0.071,-6.4
PCDHB4,0.0727,12.51
PCDHB5,0.0577,19.3
PCDHB9,0.0606,-6.13
PCDHB13,0.0675,19.52
PCDHGA3,0.0617,6.65
PCDHGA7,0.0548,17.06
PCDHGA12,0.047,6.61
FCHSD1,0.0749,-1.96
AC005753.2,0.0479,-35.73
ARHGAP26-AS1,0.0536,-26.8
AC132803.1,0.0635,-8.84
ADRB2,0.0589,-21.25
SLC26A2,0.0639,-5.09
SLC6A7,0.0524,10.9
NDST1-AS1,0.0534,9.67
GM2A,0.0571,4.85
SPARC,0.0653,-32.89
LINC01933,0.0476,1.25
MED7,0.0688,-12.05
DUSP1,0.0508,-23.7
BNIP1,0.0489,-11.7
NSG2,0.0614,-3.55
FAM153B,0.0692,-7.75
HIGD2A,0.0578,-20.54
CDHR2,0.0512,1.1
SNCB,0.0692,2.93
UNC5A,0.0478,-10.69
MXD3,0.0472,-7.26
DDX41,0.0473,-18.83
AC106795.3,0.052,-11.47
HNRNPAB,0.0561,-10.66
ZNF454,0.0568,-6.19
MGAT4B,0.062,-2.98
AC008610.1,0.0546,14.94
TRIM52-AS1,0.0561,-1.47
AC008443.8,0.0469,2.25
AL031768.2,0.0619,-41.94
SERPINB1,0.0495,-3.73
AL033523.1,0.073,33.56
RIOK1,0.0736,-10.28
TXNDC5,0.0765,2.53
AL138720.1,0.0539,-8.05
DCDC2,0.0646,-2.22
HFE,0.0503,-5.22
HMGN4,0.075,-8.33
ZSCAN9,0.0592,-6.46
ZKSCAN3,0.0593,-10.59
PPP1R11,0.0484,-13.11
TRIM39,0.066,-5.68
RPP21,0.0536,-16.55
DHX16,0.0696,-5.8
GTF2H4,0.0472,-20.11
PSORS1C1,0.0497,11.34
ATP6V1G2,0.0562,-10.99
NFKBIL1,0.0672,-2.9
GPANK1,0.0499,3.43
CSNK2B,0.0713,-10.86
LY6G5B,0.0637,2.25
VARS,0.0668,0.41
LSM2,0.068,-6.92
SNHG32,0.0593,-13.27
NEU1,0.0495,-12
C2,0.0569,5.25
DXO,0.0634,-15.23
PRRT1,0.0657,5.04
PSMB9,0.0606,-1.71
SLC39A7,0.0482,-2.21
HCG25,0.0519,-21.3
WDR46,0.0469,-9.6
CUTA,0.0643,-15.01
HMGA1,0.0474,15.49
RPS10,0.0655,-16.22
PACSIN1,0.0538,-5.89
SNRPC,0.0734,-3.01
CDKN1A,0.0487,-6.56
CPNE5,0.0578,7.84
PIM1,0.0549,3.67
AL590999.1,0.0588,-25.36
FRS3,0.0594,-5.54
CNPY3,0.049,-1.55
MRPL2,0.0589,-6.91
SRF,0.0663,6.07
AL109615.3,0.0483,-11.85
MRPL14,0.057,-12.85
SLC35B2,0.0501,16.7
TMEM151B,0.0525,-5.76
CLIC5,0.0572,6.66
CYP39A1,0.0746,-5.64
TDRD6,0.0505,11.2
PTCHD4,0.065,0.99
CENPQ,0.066,-4.72
TRAM2-AS1,0.0655,-8.53
KHDRBS2-OT,0.0482,9.09
AL590428.1,0.0677,-15.53
ELOVL4,0.0648,2.62
AL359715.2,0.0463,-24.68
RWDD2A,0.0545,-4.12
PRSS35,0.0496,-9.7
HTR1E,0.0648,14.82
CFAP206,0.052,1.02
AL132996.1,0.0486,0.53
AL591519.1,0.0524,-5.53
COQ3,0.0601,3.14
AL096794.1,0.0524,-17.15
OSTM1-AS1,0.0633,-4.99
ZBTB24,0.0498,-12.94
DDO,0.0765,7.73
FRK,0.0546,1.2
COL10A1,0.0548,-34.81
SMPDL3A,0.0483,-5.36
ARHGAP18,0.0528,-21.77
ENPP3,0.0577,17.4
ALDH8A1,0.056,-13.81
AL024508.1,0.0755,-37.5
IL20RA,0.066,-2.37
AL592429.2,0.0728,-3.57
LINC01625,0.0497,1.11
SAMD5,0.0489,18.84
SUMO4,0.0739,-13.31
AL078581.4,0.0473,-33.24
AL138733.1,0.0524,-30.19
ZBTB2,0.0677,7.09
ARMT1,0.0765,10.43
ESR1,0.0601,-9.11
IPCEF1,0.0654,-6.68
AL589693.1,0.0587,6.61
SYNJ2,0.0648,-6.5
SYTL3,0.0636,31.09
AL450345.2,0.0639,2.99
AL133538.1,0.0697,-15.71
C6orf118,0.0733,8.28
PRR18,0.0497,0.8
Z94721.1,0.0621,-6.9
THBS2,0.0603,-34.39
C6orf120,0.0575,-3.66
TCTE3,0.0568,-17.11
GPR146,0.0473,-10.65
ZFAND2A,0.0517,-3.92
AC092171.4,0.0706,-15.67
KDELR2,0.0744,4.12
ZDHHC4,0.0566,-1.43
AC005532.1,0.0589,26.73
ICA1,0.0703,-9.12
AGMO,0.0743,11.85
TSPAN13,0.0516,-9.94
STEAP1B,0.0647,36.8
C7orf31,0.0753,5.33
AC004540.2,0.0503,6.51
CPVL,0.0699,-24.88
AC083864.5,0.0747,-50.92
SFRP4,0.0519,-27.85
AC011290.1,0.0534,2.63
AC004837.4,0.0483,-14.67
C7orf25,0.0554,2.07
MRPL32,0.0637,-12.01
TBRG4,0.0595,9.41
AC074351.1,0.0602,-14.44
AC068533.3,0.0598,-33.38
AC008267.5,0.056,-5.22
AC027644.3,0.062,-22.54
SPDYE21P,0.0522,-36.8
BCL7B,0.0731,-0.46
TBL2,0.0493,7.59
DNAJC30,0.0538,-10.79
STX1A,0.0736,0.49
RFC2,0.0507,-14.48
SPDYE5,0.054,-31.9
MDH2,0.0739,-3.21
DTX2,0.063,2.57
SEMA3E,0.0757,39.92
TMEM243,0.076,-7.8
DBF4,0.0667,7.32
CDK6,0.063,2.86
PEG10,0.0714,-3.89
PON1,0.0549,2.12
TMEM130,0.0664,-4.8
BUD31,0.0523,-6.19
CYP3A43,0.0532,1.84
TAF6,0.0606,-10.67
CNPY4,0.0536,3.29
MEPCE,0.0493,3.92
MOSPD3,0.0532,-3.45
ACTL6B,0.0459,-9.97
CLDN15,0.0584,8.8
SH2B2,0.065,14.14
ALKBH4,0.0529,-6.34
AC105052.5,0.065,-15.07
LRRC17,0.0696,-13.44
KMT2E-AS1,0.0596,-14.44
DUS4L,0.0716,-7.17
LAMB1,0.0466,-9.73
DNAJB9,0.07,3.67
DOCK4-AS1,0.0652,-29.88
AC004112.1,0.0492,-23.41
SMIM30,0.0523,19.48
ST7-OT4,0.0728,-10.92
TMEM229A,0.053,3.28
GPR37,0.0695,5.53
SND1-IT1,0.0581,7.35
LRRC4,0.0663,-3.03
IMPDH1,0.0694,1.42
AC018638.6,0.0581,0.27
ATP6V1F,0.059,-18.95
TSPAN33,0.0677,-2.91
AKR1B1,0.0639,4.68
AC083862.3,0.0686,-15.13
SLC13A4,0.0705,-19.9
AC078842.2,0.0559,-40.26
FMC1,0.0698,-24.53
PARP12,0.0681,1.17
ADCK2,0.049,-2.47
CASP2,0.0705,8.82
AC004889.1,0.0627,9.4
ZNF777,0.0745,2.31
ATP6V0E2-AS1,0.0763,-20.53
AC073111.4,0.0494,5.56
TMUB1,0.0611,11.29
ABCF2,0.0732,-0.47
CHPF2,0.0518,-1.79
LINC01003,0.0506,-17.29
AC009403.1,0.0758,-15.17
RNF32,0.0604,-5.36
AC100810.1,0.0603,-20.95
AC034111.1,0.0475,-5.28
PRSS51,0.0533,-35.55
AC104964.4,0.0609,6.75
AC145124.1,0.0618,-8.08
AC022832.2,0.0673,18.5
MTMR7,0.0739,-12.67
PDGFRL,0.0554,-6.95
AC090541.1,0.0509,-35.51
POLR3D,0.0552,-10.96
PIWIL2,0.0567,-16.97
AC120193.1,0.0735,13.41
NEFL,0.0733,-14.75
AC026979.2,0.0687,-6.56
AF279873.4,0.0477,-24.19
LETM2,0.0716,-9.98
ST18,0.071,3.92
GGH,0.0705,-4.45
RRS1-AS1,0.0468,-2.9
MYBL1,0.0655,6.72
SULF1,0.073,-31.87
LACTB2,0.0735,-2.04
JPH1,0.067,-4.23
STMN2,0.0759,-5.36
HEY1,0.0663,-24.7
AC018616.1,0.046,-32.1
LINC02235,0.0704,13.23
CA1,0.0489,-31.12
AC004083.1,0.0749,-13.27
SLC26A7,0.0711,-0.76
AC104211.1,0.0613,19
RAD54B,0.0468,-5.01
FSBP,0.0673,3.75
POLR2K,0.0469,-14.72
DCAF13,0.0756,-1.91
RSPO2,0.0697,-2.81
TMEM74,0.0491,-13.6
AC023590.1,0.0607,-30.85
DSCC1,0.0461,-10.61
RNF139-AS1,0.051,-12.72
TRIB1,0.0685,12.39
ASAP1-IT2,0.0512,-2.82
CHRAC1,0.0619,0.78
LNCOC1,0.0546,-17.5
C8orf31,0.0679,-7.19
LY6H,0.0581,-8.9
GSDMD,0.0632,-10.99
NAPRT,0.0647,0.31
MAF1,0.0467,-7.44
BOP1,0.06,7.69
FBXL6,0.0503,-9.2
ADCK5,0.0706,-1.67
LRRC24,0.058,-15.91
C8orf82,0.0716,-9.44
ZNF34,0.0728,-0.06
ZNF517,0.0538,-11.36
COMMD5,0.054,-5.89
AF235103.3,0.0758,-5.84
C8orf33,0.065,-16.55
AL359095.1,0.0555,5.4
DMAC1,0.0681,-0.34
AL137017.1,0.0644,-21.19
ADAMTSL1,0.0731,-10.24
RRAGA,0.0643,-10.76
CDKN2B-AS1,0.054,-17.15
ELAVL2,0.0676,-3.22
AL353753.1,0.0493,-35.22
SMIM27,0.0553,-14.81
UBE2R2-AS1,0.0486,-14.79
DNAI1,0.0516,0.8
CNTFR-AS1,0.0509,-38.88
DCTN3,0.0619,-17.18
SIGMAR1,0.0501,6.14
DNAJB5,0.0504,3.73
PIGO,0.0485,-12.55
STOML2,0.0527,-9.69
TESK1,0.0691,6.25
CCDC107,0.0593,-9.4
SPAG8,0.0527,-22.93
BX664615.2,0.0513,-7.22
BX664727.3,0.0541,-18.27
LERFS,0.0682,-27.36
CBWD3,0.0727,-12.3
AL161457.2,0.0655,3.15
GDA,0.0553,-9.1
CARNMT1-AS1,0.0716,-10.03
GCNT1,0.0676,-21.53
C9orf64,0.0698,0.39
GAS1RR,0.0644,3.27
DAPK1-IT1,0.0541,-16.43
NFIL3,0.0543,-15.36
ECM2,0.0746,-29.29
C9orf129,0.0468,-0.28
AL160269.1,0.069,-12.82
PRXL2C,0.0519,10.98
PTCSC2,0.0475,13.46
TRMO,0.0623,0.21
NAMA,0.0495,0.05
AL162394.1,0.0558,-38.73
MRPL50,0.0605,0.97
NIPSNAP3A,0.047,-17.15
NIPSNAP3B,0.0488,-4.41
AL807761.4,0.0628,-32.04
EPB41L4B,0.0753,2.18
PRPF4,0.0752,2.45
C9orf43,0.0485,-2.71
AL137024.1,0.0585,-21.18
ASTN2-AS1,0.0695,-32.7
TRIM32,0.0658,2.64
AL354754.1,0.0684,-31.8
PDCL,0.0721,7.35
ZBTB6,0.0473,1.98
ARPC5L,0.0681,-7.25
ZNF79,0.0658,10.88
PTRH1,0.0625,1.32
ST6GALNAC4,0.0534,4.01
DPM2,0.0598,-5.91
SLC25A25-AS1,0.0549,-5.22
TRUB2,0.0615,-0.82
AL356481.1,0.057,-12.07
WDR34,0.0707,5.41
AL161785.1,0.046,-8.89
LINC01503,0.0758,-20.47
TOR1A,0.0574,-10.17
EXOSC2,0.0634,-3.38
AL157938.3,0.0543,-34.47
UCK1,0.0633,1.28
SPACA9,0.0549,-13.42
SURF6,0.0721,-2.79
CACFD1,0.0696,11.94
ADAMTSL2,0.0629,5.98
BRD3OS,0.0465,12.47
COL5A1,0.0718,2.91
PPP1R26,0.0731,4.44
KCNT1,0.073,-1.35
AJM1,0.0646,20.51
MAMDC4,0.0643,-1.4
ANAPC2,0.0722,5.39
SSNA1,0.0622,-6.53
RNF208,0.0703,19.29
NRARP,0.0508,-36.7
ARRDC1-AS1,0.0707,-6.91
PITRM1-AS1,0.0661,-8.55
AL365356.1,0.0756,-22.91
CDNF,0.0531,-0.09
SUV39H2,0.0699,-4.65
HACD1,0.0466,9.95
THNSL1,0.0483,-4.61
MASTL,0.0553,8.59
LINC02680,0.0628,9.88
LINC02664,0.0593,-7.99
AL391839.1,0.0579,-27.52
LINC00839,0.05,-11
ZNF22,0.0711,-10.12
PTPN20,0.0721,-6.62
ARHGAP22,0.0673,-11.93
AL138760.1,0.0747,-35.91
SGMS1-AS1,0.0599,-5.01
PRKG1-AS1,0.0499,-17.3
RHOBTB1,0.0724,-7.54
CABCOCO1,0.0592,-14.18
NRBF2,0.0576,-16.17
AC022387.2,0.0462,15.87
AL513534.2,0.0462,3.14
AL359844.1,0.0464,14.16
LINC02636,0.0731,-5.68
PALD1,0.0646,-14.54
NUDT13,0.0529,-22.7
MSS51,0.0739,2.87
AC022400.4,0.0524,5.17
CHCHD1,0.0491,-14.67
AL135925.1,0.0566,-12.29
AL096706.1,0.0666,-1.75
AL731569.1,0.06,-7.14
LINC00863,0.0762,-0.01
IFIT1,0.0483,11.76
SLC35G1,0.0654,6.67
HELLS,0.0516,70.85
AL157834.1,0.0651,-8.08
ACSM6,0.0475,-30.51
CCNJ,0.0537,-13.59
ENTPD7,0.0655,-14.79
DNMBP-AS1,0.0591,-17.84
PDZD7,0.0467,5.17
DPCD,0.074,-10.44
KCNIP2-AS1,0.0682,-16.92
NOLC1,0.0662,-2.28
NFKB2,0.0539,8.23
FBXL15,0.0617,-12.18
ITPRIP,0.0732,28.69
DCLRE1A,0.0523,10.83
CHST15,0.0694,-21.45
EDRF1-DT,0.0683,-6.85
AL359094.1,0.0532,-36.19
DPYSL4,0.0626,-3.25
PWWP2B,0.0476,10.27
ZNF511,0.0481,1.2
CYP2E1,0.0536,-4.08
AL731769.2,0.0703,11.94
LINC01001,0.048,-13.94
RIC8A,0.0733,7.44
IFITM2,0.0743,-17.54
HRAS,0.0531,-12.46
MIR210HG,0.0577,-26.61
IRF7,0.0535,-12.39
AC131934.1,0.0656,-30.57
TMEM80,0.0659,0.79
SLC25A22,0.053,-8.8
POLR2L,0.0571,-29.58
TSSC4,0.0717,-17.89
ARFIP2,0.0655,1.49
TAF10,0.0713,-10.61
AC026894.1,0.0596,-37.73
AC132192.2,0.0755,-12.66
AC011092.3,0.0501,-33.13
ADM,0.0598,-43.37
MTRNR2L8,0.0735,206.77
AC104383.2,0.0627,-8.48
NCR3LG1,0.0531,-8.36
PTPN5,0.0516,-9.14
HTATIP2,0.0749,3.55
ANO3,0.0723,6.03
CCDC34,0.064,12.17
LINC02742,0.0546,42.45
LINC00294,0.0477,13.86
AL133330.2,0.0481,-37.88
FJX1,0.074,0.51
LINC02740,0.0565,-10.27
AC087521.2,0.0597,-30.23
TSPAN18,0.0554,-9.54
PEX16,0.0632,-2.47
AC127035.1,0.0632,-27.37
AC090559.1,0.0508,-22.25
PSMC3,0.0558,-7.8
PTPMT1,0.0462,2.45
C1QTNF4,0.062,-4.81
SLC43A3,0.0571,20.8
UBE2L6,0.0697,-5.49
AP000662.1,0.062,-5.04
MED19,0.0615,-14.74
AP000442.1,0.0581,-24.06
STX3,0.0722,-1.55
MRPL16,0.0757,-9.74
CYB561A3,0.0725,-2.03
PPP1R32,0.0589,-12
AP003108.1,0.0496,-17
SYT7,0.0584,10.16
INCENP,0.0497,14.01
UBXN1,0.0594,-11.47
POLR2G,0.047,-4.47
WDR74,0.051,4.86
SLC22A10,0.0724,14.27
PLAAT4,0.052,-15.44
C11orf95,0.0654,-10.54
AP000721.2,0.0581,-13.27
DNAJC4,0.0675,-2.21
PLCB3,0.0733,20.96
BAD,0.0706,2.76
MEN1,0.0506,3.53
EHD1,0.0742,7.66
SNX15,0.0683,5.82
ZFPL1,0.0603,-6.04
AP003068.2,0.0464,10
POLA2,0.0728,-5.4
FRMD8,0.0688,6.08
FIBP,0.059,3.45
CCDC85B,0.0625,-21.07
C11orf68,0.0495,12.8
BANF1,0.0633,-19.36
YIF1A,0.0593,-13.99
AP001107.9,0.0667,-9.82
MRPL11,0.0734,9.63
DPP3,0.0731,-4.37
AP002748.6,0.0583,-23.76
SPTBN2,0.066,-0.69
SSH3,0.064,-6.48
POLD4,0.0693,-14.6
PPP1CA,0.0673,4.14
CORO1B,0.0516,-5.95
CDK2AP2,0.0515,1.51
MRPL21,0.0651,-11.75
LRTOMT,0.0684,-7.86
PDE2A,0.0755,3.82
STARD10,0.0504,10.14
RELT,0.0621,-8.87
P4HA3,0.0596,-34.17
AP001372.2,0.0736,-3.36
CAPN5,0.0755,-17.41
AQP11,0.0604,-19.61
AP003464.1,0.0634,-31.67
AP001767.3,0.062,-34.24
PCF11-AS1,0.0656,2.86
AP002370.2,0.0639,-23.19
CCDC81,0.0709,-15.62
NAALAD2,0.0532,1.17
AP000943.2,0.0527,-23.33
SRSF8,0.0633,-7.89
JRKL,0.0762,-4.76
CFAP300,0.0569,-3.96
AP000766.1,0.0599,-0.23
AP003049.2,0.063,-28.13
AP001981.2,0.0519,3.71
ARHGAP20,0.0464,-9.97
COLCA1,0.0605,-16.64
PIH1D2,0.0563,3.28
TIMM8B,0.0665,-19.61
AP002518.2,0.0534,-25.11
RBM7,0.0497,1.19
TAGLN,0.0573,-15.24
BACE1-AS,0.0633,8.41
TRAPPC4,0.0721,2.87
SLC37A4,0.0665,-13.14
HMBS,0.0502,1.4
H2AFX,0.0765,-1.08
DPAGT1,0.0524,-8.74
USP2-AS1,0.0562,12.05
THY1,0.0685,-7.25
TRIM29,0.0747,4.95
TECTA,0.0688,-3.08
CLMP,0.0526,-21.45
SCN3B,0.0634,-11.31
ZNF202,0.0728,7.69
RPUSD4,0.0647,-9.12
TIRAP,0.0693,5.54
DCPS,0.0646,-9.24
ETS1,0.0505,1.84
ZBTB44-DT,0.0654,-12.73
AP003486.1,0.0529,1.07
AP000844.2,0.0697,-31.05
THYN1,0.0657,-7.51
AC007406.5,0.0666,-10.28
WNT5B,0.0614,-18.75
P3H3,0.0538,-0.76
GNB3,0.048,19.95
C12orf57,0.0756,-31.35
SLC2A3,0.065,-35.48
CLEC4A,0.0493,1.2
A2M-AS1,0.0525,-0.4
PZP,0.0558,-43.25
AC092821.3,0.0567,-2.73
MAGOHB,0.0691,-3.49
TAS2R14,0.0488,-8.93
SMIM10L1,0.0566,-16.14
LOH12CR2,0.0473,-15.16
AC007619.1,0.0554,18.17
PLBD1-AS1,0.0513,-16.97
AC092828.1,0.0585,-8.67
AC024901.1,0.0741,-8.32
GYS2,0.0521,-5.31
AC084816.1,0.065,14.22
AC022509.2,0.0704,-14.7
AC022364.1,0.0482,8.03
OVCH1,0.068,12.56
TSPAN11,0.0519,-7.13
ETFBKMT,0.0617,-7.55
C12orf40,0.0499,22.31
AC090630.1,0.0508,-21.94
TWF1,0.0678,-0.37
DBX2,0.0757,-16.1
AC079950.1,0.0678,-30.72
RND1,0.0676,-13.92
CCDC65,0.0718,-32.39
KCNH3,0.0708,1.94
BCDIN3D,0.0634,-10.09
COX14,0.0464,-33.17
HIGD1C,0.0488,-8.69
NR4A1,0.0637,-13.11
SPRYD3,0.0505,2.61
NPFF,0.0575,-1.07
PPP1R1A,0.0517,-4.47
TESPA1,0.0507,-7.27
AC009779.2,0.0535,-27.35
PYM1,0.0581,-6.03
ZC3H10,0.0742,1.04
AC034102.5,0.0703,-2.59
NABP2,0.0703,-1.05
COQ10A,0.0679,-18.65
GLI1,0.0584,4.83
ARHGEF25,0.073,9.32
B4GALNT1,0.0529,-4.73
CDK4,0.0586,-4.28
MARCH9,0.073,0.68
AC068305.2,0.0559,10.17
C12orf66,0.0759,7.45
AC026124.1,0.0485,-12.59
DYRK2,0.0621,3.61
YEATS4,0.0642,-12.54
KCNMB4,0.0568,-3.55
BBS10,0.0637,9.93
AC027288.3,0.0509,-33.35
AC078955.1,0.0572,-40.3
AC024941.2,0.0514,-10.35
GALNT4,0.0748,-2.39
AC009522.1,0.0554,12.81
LINC02822,0.0466,-1.96
LINC01619,0.0511,5.88
AC069437.1,0.0494,-25.83
DEPDC4,0.0743,-10.93
PAH,0.0679,7.3
NT5DC3,0.0701,-19.98
GLT8D2,0.0532,-3.63
AC079174.2,0.0541,-13.56
WSCD2,0.0461,-11.02
FICD,0.0552,7.86
SVOP,0.0498,0.56
AC007637.1,0.0722,-5.67
KCTD10,0.0662,-6.83
MVK,0.069,-3.92
GPN3,0.0484,-0.6
SH2B3,0.0467,-15.11
MAPKAPK5-AS1,0.0606,-14.75
RPH3A,0.0626,-11.47
DDX54,0.0584,0.48
IQCD,0.0613,-4.23
TESC,0.0591,-21.2
PRKAB1,0.0754,2.12
NRAV,0.0657,-7.09
C12orf43,0.0708,-5.23
LRRC43,0.0531,-6.98
SBNO1-AS1,0.0592,-17.64
DNAH10,0.0565,0.93
AC007368.1,0.0747,7.93
MMP17,0.0508,12.86
TPTE2,0.0666,17.24
AL161772.1,0.0624,-8.55
LINC00621,0.0654,11.83
WASF3-AS1,0.0741,-33.47
TEX26,0.0546,-9.17
AL138999.2,0.0469,-26.42
RFC3,0.0702,-12.47
CCDC169,0.0585,-11.37
SLC25A15,0.0497,-6.24
KBTBD6,0.0581,7.45
KBTBD7,0.0576,-0.46
SMIM2-AS1,0.0567,-12.72
TSC22D1-AS1,0.0509,-13.51
SLC25A30,0.0726,3.3
LPAR6,0.0628,-35.93
RCBTB2,0.0712,-21.48
NEK5,0.0657,-28.73
PCDH9-AS1,0.0462,-38.06
PCDH9-AS3,0.0606,-29.82
AL512452.1,0.0595,5.1
MZT1,0.0492,-1.27
AL137781.1,0.0685,19.98
DCT,0.0744,-10.41
SOX21,0.0739,1.57
AL161430.1,0.0556,-32.85
AL445223.1,0.0467,-5.13
AL355338.1,0.0561,-18.78
ING1,0.0658,-0.47
ANKRD10-IT1,0.0741,8.72
ADPRHL1,0.0669,12.43
TMEM255B,0.0573,-20.36
ABHD4,0.0611,4.4
PRMT5,0.0606,-6.74
CDH24,0.0484,-0.73
SLC7A8,0.0566,-12.25
RNF212B,0.0462,-41.49
JPH4,0.0709,2.4
AL136419.3,0.0518,-17.06
CARMIL3,0.0624,-17.68
MDP1,0.0483,-11.8
GMPR2,0.0591,-9.59
AL132800.1,0.054,1.62
LINC02306,0.0675,0.91
G2E3-AS1,0.0597,-35.13
AL139353.2,0.0594,-31.26
CFL2,0.0658,-1.62
SLC25A21,0.0571,-19.12
GEMIN2,0.0731,-3.62
C14orf28,0.0601,3.99
DNAAF2,0.0624,8.79
LINC01588,0.0741,20.46
AL358334.4,0.0591,-39.93
FRMD6-AS2,0.0487,-30.64
FRMD6-AS1,0.0493,-18.91
WDHD1,0.0569,-15.03
AL139021.1,0.0694,-24.83
LRRC9,0.0557,-34.92
TRMT5,0.0545,-3.93
HIF1A-AS1,0.0496,6.51
KCNH5,0.071,4.92
ESR2,0.0674,-6.42
AL139022.1,0.0718,-11.68
PIGH,0.0682,0.3
AL121820.2,0.0575,-22.62
AL359317.2,0.072,-32.43
TTC9,0.0499,8.48
DCAF4,0.0507,-12.3
AC005225.3,0.0755,-1.01
ACOT2,0.0689,-25.01
ACOT6,0.0498,-17.79
AC005520.2,0.074,-1.54
FAM161B,0.0637,-3.47
EIF2B2,0.07,-7.84
VASH1-AS1,0.0674,5.19
GSTZ1,0.074,-5.79
AC008056.1,0.0659,-2.95
CHGA,0.0575,-8.49
MOAP1,0.0624,-13.97
FAM181A-AS1,0.0466,-11.01
FAM181A,0.0642,-24.66
GLRX5,0.0571,-7.04
AL133523.1,0.0485,4.34
LINC02320,0.051,-5.3
XRCC3,0.0639,-11.3
CEP170B,0.0753,8.32
AHNAK2,0.0684,23.18
CLBA1,0.0579,-6.86
AC138649.1,0.0497,-6.88
PWRN1,0.0712,0.91
GOLGA8M,0.0685,-7.58
NSMCE3,0.0529,-5.28
AC022613.3,0.0728,11.42
AC091057.2,0.0519,0.44
CHRNA7,0.0624,1.97
AC123768.3,0.0601,-2.27
AC010809.2,0.0516,-26.15
CHRM5,0.0665,-18.44
PGBD4,0.0537,5.85
EMC4,0.0756,-5.55
AC021351.1,0.0539,-25.15
CCDC9B,0.0558,10.16
DISP2,0.0477,10.36
ITPKA,0.0544,-1.71
EHD4,0.0698,18.08
HYPK,0.0566,2.95
AC025043.1,0.0762,-31
PATL2,0.0578,-6.87
SORD,0.0659,-3.12
DUOX1,0.0731,-26.48
AC051619.6,0.0598,1.05
SHF,0.0644,-4.11
AC025580.3,0.0517,-15.79
AC023355.1,0.0533,-2.03
MIR4713HG,0.0683,-12.01
TNFAIP8L3,0.0701,2.78
AC020892.2,0.0462,-35.03
RSL24D1,0.0706,3.05
C15orf65,0.0654,-9.27
ANXA2,0.053,-12.48
AC073167.1,0.0557,-32.75
DAPK2,0.0668,4.7
SLC24A1,0.0551,-11.15
AC011939.2,0.0469,1.13
C15orf61,0.05,-4.09
GLCE,0.0742,-7.21
LARP6,0.0637,-0.96
THSD4,0.0693,-11.6
AC022872.1,0.0758,-37.85
NPTN-IT1,0.0531,17.9
UBL7,0.0468,-5.94
MPI,0.0711,-3.72
IMP3,0.0673,-5.86
NRG4,0.0462,-23.73
AC027243.3,0.0701,-36.03
LINGO1,0.0649,14.41
RASGRF1,0.0644,-4.64
ANKRD34C-AS1,0.0473,14.03
AC027808.2,0.062,2.77
CFAP161,0.0574,15.64
SNHG21,0.0508,-10.02
AC103876.1,0.0737,-15.86
GOLGA6L4,0.0735,-3.41
ZSCAN2,0.0493,5.52
AC087286.2,0.0542,-24.89
MRPL46,0.0509,-8.83
FANCI,0.0693,6.49
WDR93,0.0636,-24.66
GDPGP1,0.058,-3.27
FURIN,0.0576,7.08
HDDC3,0.0662,-15.46
RCCD1,0.0615,-4.62
PRC1-AS1,0.072,2.71
LINC01579,0.0728,-29.37
LINC02207,0.0469,18.33
NR2F2,0.0594,-0.39
LINC02251,0.0705,-34.9
AC036108.1,0.0587,-2.68
LRRK1,0.0597,-7
RHBDF1,0.0758,8.44
PDIA2,0.0488,7
MRPL28,0.0488,1.69
TMEM8A,0.0703,-11.36
WDR90,0.0616,-15.17
AL023882.1,0.0559,-21.2
SOX8,0.0599,8.41
CCDC154,0.0587,-13.18
JPT2,0.0615,2.41
MRPS34,0.0528,-17.07
EME2,0.0571,-7.85
NUBP2,0.0624,-3.77
FAHD1,0.0601,-19.85
ZNF598,0.0476,-4.11
RAB26,0.0663,-5.03
MLST8,0.0736,5.11
CCNF,0.0689,-6.06
AMDHD2,0.0678,-3.38
KCTD5,0.0576,3.97
PAQR4,0.0555,-9.4
ZNF205,0.0499,13.53
ZNF200,0.0566,14.43
TFAP4,0.0466,4.16
GLIS2,0.0671,-0.01
C16orf96,0.0537,1.32
NAGPA,0.0703,-9.43
AC074051.5,0.06,5.04
AC012178.1,0.0528,-28.13
DEXI,0.0716,-0.45
NPIPB2,0.0685,-14.68
AC130650.2,0.0479,-4.33
NPIPA5,0.0641,1.17
ACSM5,0.0601,-1.99
DCUN1D3,0.0506,11.88
AC005632.3,0.0551,5.65
AC092338.3,0.0659,-24.18
AC092338.2,0.0481,-30.49
PLK1,0.0459,-6.44
SLC5A11,0.0684,7.01
ZKSCAN2,0.0464,-5.23
HS3ST4,0.0757,17.93
SBK1,0.0561,1.66
AC133550.3,0.0508,-14.04
LAT,0.0557,-9.26
NPIPB11,0.0543,12.54
KIF22,0.0711,-7.56
AC009133.1,0.0642,-20.62
SEZ6L2,0.0673,-9.77
TBX6,0.0708,31.93
AC012645.1,0.0536,21.87
SULT1A3,0.0495,8.9
NPIPB13,0.0474,9.9
MYLPF,0.0565,22.19
SEPTIN1,0.0632,-12.87
ZNF768,0.0617,5.75
AC093249.2,0.0724,21.74
TMEM265,0.0645,11.32
CTF1,0.06,14.69
ORAI3,0.0621,6.58
ZNF668,0.0461,7.2
VKORC1,0.0491,-2.07
ARMC5,0.0526,6.28
NETO2,0.0544,4.45
AC007611.1,0.072,-2.19
AC007344.1,0.0597,-25.01
AC106779.1,0.054,-4.67
CX3CL1,0.0584,-9.41
SETD6,0.0745,-9.85
AC009118.3,0.0468,-0.19
BEAN1,0.0567,-23.1
CMTM1,0.0526,-16.33
AC018557.1,0.0745,-6.52
TRADD,0.0662,-9.24
FBXL8,0.0543,-8.68
SLC9A5,0.058,-2.98
ENKD1,0.0558,2.34
TSNAXIP1,0.054,-10.7
NUTF2,0.0755,12.29
PLA2G15,0.0585,0.45
CDH3,0.0472,10.81
NOB1,0.0468,4.56
ATXN1L,0.0538,1.73
PKD1L3,0.047,7.41
DHODH,0.0722,-21.43
NPIPB15,0.0727,1.66
LDHD,0.0617,0.9
DNAAF1,0.0518,3.48
WFDC1,0.0675,3.73
ZNF469,0.0617,-3.89
SNAI3,0.0477,-10.91
RNF166,0.0704,-4.51
SPATA2L,0.0549,12.52
DBNDD1,0.0466,17.08
FAM157C,0.048,38.1
LINC02193,0.0577,8.8
AC015853.3,0.0518,-29.7
TIMM22,0.0537,-3.48
MIR22HG,0.0701,-11.6
AC027796.1,0.0573,5.24
MYBBP1A,0.073,-1.94
ARRB2,0.0762,-1.74
MED11,0.0647,-6.12
PSMB6,0.0463,-15.44
AC233723.1,0.0497,-19.53
PFN1,0.0665,-1.03
ZFP3,0.0742,9.34
C1QBP,0.0741,-16.61
PITPNM3,0.0488,-10.06
AC040977.1,0.0566,-11.04
MIR497HG,0.0533,-7.14
ELP5,0.0736,-2.41
EIF5A,0.0535,5.87
CHRNB1,0.059,-9.35
TNFSF12,0.0758,13.8
TRAPPC1,0.0469,-18.57
TMEM107,0.0555,-17.07
SLC25A35,0.0469,-14.48
ADPRM,0.0681,-5.55
PIRT,0.0688,-35.01
AC005410.2,0.0742,-8.18
HS3ST3B1,0.0665,-12.13
AC005838.2,0.0528,22.97
ZNF624,0.0734,17.93
PLD6,0.0511,-0.83
AC020558.1,0.0523,-0.06
LLGL1,0.0726,-12.66
MIEF2,0.0553,-3.18
SMCR8,0.0618,6.64
RNF112,0.0732,0.99
CCDC144NL,0.0604,9.32
TMEM11,0.0591,-8.32
TMEM199,0.0711,-0.05
SLC46A1,0.0543,4.23
SPAG5-AS1,0.0566,-1.02
PROCA1,0.0498,0.69
NEK8,0.0637,-15.96
ERAL1,0.0664,-0.34
SEZ6,0.0474,-8.79
TIAF1,0.051,-9.34
AC024619.3,0.0514,-42.24
AC068025.1,0.0613,-13.59
ANKRD13B,0.0693,27.13
CORO6,0.0748,1.82
AC127024.2,0.0605,5.73
AC079915.1,0.0535,9.54
AC004253.1,0.0695,-36.94
AC005899.5,0.0522,9.34
AC005899.8,0.0473,-32.21
CDK5R1,0.0482,12.89
TMEM98,0.046,-21.2
CCL2,0.0503,17.98
AC015849.3,0.0578,-33.94
AC243829.1,0.0645,16.43
DHRS11,0.0473,0.46
PSMB3,0.0623,-3.07
RARA,0.0487,0.81
KRT10,0.0737,-29.04
TMEM99,0.0513,-11.88
NKIRAS2,0.052,2.66
GHDC,0.0532,17.49
STAT5A,0.0584,7.19
AC067852.3,0.0726,-1.46
HSD17B1,0.0659,-6.78
AC100793.2,0.051,3.75
ETV4,0.0636,-4.89
TMEM101,0.0565,-4.45
G6PC3,0.0758,19.22
ATXN7L3,0.0763,-8.49
AC003102.1,0.0743,6.78
FAM171A2,0.0557,2.21
CCDC43,0.0649,-1.95
HEXIM1,0.0706,-12.3
LRRC37A,0.0502,3.39
FAM215B,0.0712,3.48
AC002558.3,0.0605,0.75
AC068234.2,0.0604,5.55
SCRN2,0.0764,-6.69
PNPO,0.0508,4.58
AC004477.1,0.0471,-13.05
SNX11,0.0561,-9.41
TTLL6,0.0567,-10.87
PHB,0.0594,3.81
PPP1R9B,0.0659,4.83
LRRC59,0.047,2.46
MMD,0.0601,-6.25
C17orf67,0.0582,4.31
SUPT4H1,0.0477,-15.7
TEX14,0.0596,-4.26
AC099850.1,0.0492,-13.23
RNFT1,0.0683,-6
AC025048.4,0.0469,-1.79
AC025048.2,0.0571,-9.36
AC011921.1,0.0752,-3.11
AC005884.1,0.0529,-2.87
EFCAB3,0.0527,-31.77
MRC2,0.0599,-17.42
AC015923.1,0.0712,-33.97
CYB561,0.0518,-7
FTSJ3,0.0621,-2.96
AC007448.5,0.0673,14.94
AC110921.1,0.046,-16.61
KPNA2,0.0628,4.24
AC005332.3,0.0469,2.61
ABCA10,0.0542,-4.52
SSTR2,0.0535,2.08
RAB37,0.0474,10.58
FDXR,0.0557,-0.01
HID1,0.0727,-0.68
MRPL58,0.0464,-6.21
JPT1,0.0525,-4.22
MRPS7,0.0738,-4.43
AC011933.4,0.0623,-29.19
LLGL2,0.051,4.12
RNF157-AS1,0.0537,-2.05
SNHG20,0.0743,-2.23
TMC6,0.0623,-27
SYNGR2,0.0505,2.15
AFMID,0.0475,15.58
SOCS3,0.0608,-33.55
CBX4,0.0554,0.92
EIF4A3,0.0476,-9.28
SGSH,0.0541,-1.53
BAIAP2-DT,0.0568,12.71
CEP131,0.0623,-11.01
TEPSIN,0.0557,-2.99
AC110285.2,0.0668,2.79
FAAP100,0.0546,-3.88
OXLD1,0.0479,-0.87
CCDC137,0.0693,-13.23
ARL16,0.0713,-10.03
CENPX,0.0608,-14.01
SLC16A3,0.0612,-43.2
AC132872.1,0.0505,2.43
OGFOD3,0.0748,-0.43
FN3KRP,0.0609,-7.53
AP000919.2,0.0541,-30.52
AP005329.2,0.0691,-36.24
MYL12A,0.0635,-13.64
DLGAP1-AS4,0.056,-20.99
AP001021.3,0.0486,-44.53
CHMP1B,0.0642,17.03
AP001029.2,0.0561,7.16
GREB1L,0.0668,-11.36
DSC2,0.0707,-14.34
AC025887.2,0.0629,-1.85
RIT2,0.066,16.05
HAUS1,0.0712,8.81
AC012254.1,0.0697,-19.49
MYO5B,0.0759,-22.65
CFAP53,0.0626,-6.25
RAB27B,0.0623,1.02
TCF4-AS1,0.0617,-39.75
ST8SIA3,0.0694,16.14
AC104365.1,0.0542,-32.91
DSEL,0.0509,0.75
DIPK1C,0.0763,-21.44
LINC00683,0.0634,-14.51
AC068473.1,0.0549,8.26
RBFADN,0.0491,-2.29
LINC01002,0.0625,26.45
TPGS1,0.0693,0.94
POLRMT,0.0603,1.6
R3HDM4,0.0546,0.52
WDR18,0.0647,-3.41
FAM174C,0.0577,-12.25
GAMT,0.0709,4.94
AC012615.1,0.0539,-7.78
AC005306.1,0.0462,-3.39
TIMM13,0.0547,-14.59
LMNB2,0.0588,0.39
ZNF554,0.0461,6.52
AC119403.1,0.0576,-2.86
TLE2,0.0594,28.02
CACTIN,0.0516,3.1
ZFR2,0.0648,-11.67
SIRT6,0.0638,-2.89
YJU2,0.0544,17.39
FSD1,0.0515,5.54
SEMA6B,0.0546,16.79
FEM1A,0.0635,-2.42
UHRF1,0.0465,26.08
TINCR,0.0615,3.38
AC011444.1,0.0688,-23.83
AC011444.2,0.0642,-41.42
AC011444.3,0.0649,-7.75
ACSBG2,0.0533,-0.92
AC119396.1,0.0468,-35.69
CAMSAP3,0.0663,16.58
XAB2,0.0594,7.88
PET100,0.0659,-20.7
CD320,0.0528,-3.82
ZNF414,0.0534,0.45
MYO1F,0.0529,-31.51
ZNF699,0.0716,-3.08
P2RY11,0.0463,11.41
ICAM1,0.0639,7.15
ZGLP1,0.0598,-7.72
FDX2,0.0624,-16.88
ZNF653,0.0572,4.49
ELOF1,0.0492,0.03
ZNF20,0.0629,-20.26
ZNF563,0.0673,-6.92
ZNF442,0.0572,-14.65
ZNF443,0.0758,-3.72
WDR83,0.0611,-6.77
WDR83OS,0.0681,0.24
GET3,0.048,4.13
DNASE2,0.069,5.04
STX10,0.0692,-6.92
C19orf53,0.0601,-22.36
ZSWIM4,0.0764,18.8
DCAF15,0.0716,-14.52
AC011509.2,0.0544,12.51
DDX39A,0.072,0.33
WIZ,0.0758,1.59
CYP4F3,0.0649,-54.26
CYP4F12,0.0512,-48.26
RAB8A,0.0653,12.61
AC020911.2,0.0591,8.26
BST2,0.0734,-7.13
MAP1S,0.0675,9.61
CCDC124,0.0632,1.03
KCNN1,0.0685,-1.51
LSM4,0.0595,-16.05
DDX49,0.075,-3.74
HOMER3,0.0744,-3.74
BORCS8,0.0632,-0.67
ZNF101,0.0534,-1.13
AC011477.9,0.0705,-33.3
AC008554.1,0.0581,-21.99
ZNF738,0.0735,-11.01
AC011467.1,0.0461,2.38
ZNF728,0.056,12.86
ZNF724,0.0479,0.8
ZNF726,0.052,-5.8
WDR88,0.0465,-38.71
ZNF599,0.0505,-9.25
FXYD3,0.0729,12.64
TMEM147,0.0668,-4.94
U2AF1L4,0.0539,-17.42
LIN37,0.0627,0.58
NFKBID,0.053,-11.24
ALKBH6,0.065,-3.15
THAP8,0.065,2.98
POLR2I,0.0613,-36.62
ZNF829,0.0513,-21.24
AC010632.1,0.0675,-9.63
ZNF570,0.0625,4.61
ZNF571-AS1,0.0609,-2.93
YIF1B,0.0738,4.51
SARS2,0.0676,-8.4
PAF1,0.0524,-7.2
EID2B,0.0584,0.51
DYRK1B,0.0752,3.62
FBL,0.0464,-8.59
PSMC4,0.0756,-7.42
C19orf47,0.0485,10.08
C19orf54,0.0516,17.34
SNRPA,0.0555,-3.41
CCDC97,0.069,-2.02
DMAC2,0.0503,3.98
DEDD2,0.0482,-8.87
LIPE,0.0663,-23.48
CEACAM1,0.0506,-33.65
AC004784.1,0.0629,-21.3
PINLYP,0.0518,-11.06
ZNF576,0.0554,-5.76
PLAUR,0.0462,-11.28
ZNF221,0.0537,7.8
ZNF223,0.0502,-2.35
ZNF225,0.0528,-0.65
ZNF180,0.0746,5.28
RELB,0.0521,10.2
PPP1R37,0.0628,2.79
SNRPD2,0.0691,-21.8
QPCTL,0.051,6.78
SIX5,0.0658,4.26
CCDC61,0.0587,-6.38
CCDC8,0.0603,4.8
PNMA8A,0.0473,-0.65
AP2S1,0.0688,-5.8
CCDC9,0.053,-13.37
C5AR1,0.0487,6.3
SLC8A2,0.0553,0.28
KPTN,0.0496,-5.98
NAPA-AS1,0.0498,-14.78
BICRA,0.0674,-0.18
NOP53,0.0539,-1.96
EMP3,0.0733,-5.44
GRIN2D,0.0469,-17.14
NTN5,0.0713,-13.62
MAMSTR,0.0708,-5.51
PLEKHA4,0.0652,-12.17
BAX,0.0755,-9.59
FLT3LG,0.0482,14.53
FUZ,0.0614,-7.73
AKT1S1,0.0564,8.65
NUP62,0.0593,2.75
AC010624.5,0.0605,35.14
KCNC3,0.0646,8.46
POLD1,0.0487,5.42
JOSD2,0.0558,-5.74
SHANK1,0.0637,6.4
CLEC11A,0.0617,-23.51
ZNF613,0.0641,-1.93
ZNF614,0.0626,8.85
ZNF841,0.0497,5.96
ZNF616,0.0638,9.34
ZNF836,0.0498,3.02
ZNF880,0.0656,-8.02
ZNF534,0.0621,2.72
ZNF578,0.0699,-0.4
ZNF28,0.0531,12.73
LENG9,0.0583,-33.31
AC011476.3,0.057,-13.13
GP6,0.0562,-14.57
TNNT1,0.0588,5.17
HSPBP1,0.058,2.59
ISOC2,0.0509,-1.01
SSC5D,0.0752,28.25
ZNF865,0.069,13.27
CCDC106,0.0476,0.52
EDDM13,0.0638,-36.48
AC006116.8,0.0764,-24.24
ZFP28,0.0751,5.97
ZNF17,0.0673,2.52
ZNF419,0.0751,6.53
ZNF773,0.0749,-3.36
ZNF550,0.0611,-7.76
ZNF671,0.0661,-2.07
ZNF497,0.049,-2.79
ZNF584,0.0516,-16.04
ZNF446,0.0663,-9.8
CHMP2A,0.0707,-17.22
UBE2M,0.0677,-5.92
MZF1-AS1,0.064,-19.04
ZCCHC3,0.0698,-5.95
SDCBP2,0.0658,1.42
SNRPB,0.0581,-10.53
MRPS26,0.0763,-12.2
UBOX5-AS1,0.0757,-33.21
AL121757.2,0.0512,-12.2
MCM8,0.0674,8.25
JAG1,0.0758,27.37
AL050403.2,0.0477,-5.53
OVOL2,0.0631,-33.04
AL049646.1,0.0506,-40.68
SMIM26,0.0689,-20.14
CFAP61,0.0702,-14.54
KIZ-AS1,0.0715,-29.86
LINC01726,0.0541,-24.26
GZF1,0.051,-8.74
AL121894.3,0.0509,16.01
AL117381.1,0.0692,-27.46
DUSP15,0.058,-13.18
PDRG1,0.0461,-11.31
PLAGL2,0.0515,2.1
C20orf203,0.0759,-0.95
DNMT3B,0.0703,10.05
AL035071.1,0.0741,27.35
TP53INP2,0.0534,10.02
SCAND1,0.0524,-12.1
CNBD2,0.0633,-18.34
TGIF2,0.0626,4.99
RAB5IF,0.0486,-3.01
SNHG17,0.0479,-3.33
ACTR5,0.0525,-11.77
GDAP1L1,0.0536,-18.92
FITM2,0.0739,1.37
ADA,0.0608,23.36
KCNK15-AS1,0.0606,3.71
TOMM34,0.0563,-6.43
SYS1,0.0541,-2.28
WFDC3,0.0466,-4.57
ZSWIM3,0.0711,-0.89
PCIF1,0.0505,3.74
CDH22,0.0492,-16.69
TP53RK,0.0614,-11.96
RIPOR3,0.0477,10.78
PARD6B,0.0643,-0.61
LINC01524,0.0477,-12.16
FAM210B,0.0691,-9.03
CSTF1,0.0558,-2.09
CASS4,0.0534,10.08
TFAP2C,0.0697,7.14
PMEPA1,0.0648,-1.38
APCDD1L-DT,0.0528,-10.66
GNAS-AS1,0.0742,3.67
PRELID3B,0.0532,13.6
ADRM1,0.0505,4.22
MRGBP,0.0503,-0.59
EEF1A2,0.0598,-10.48
GATD3B,0.0611,0.51
FP671120.4,0.0461,37.79
AJ009632.2,0.0585,-4.15
AP000962.1,0.0574,-31.27
C21orf91,0.0533,-9.52
N6AMT1,0.0745,-8.9
MAP3K7CL,0.0526,30.13
GRIK1-AS1,0.0691,12.62
AP000253.1,0.0512,-2.27
TCP10L,0.0678,5.11
AP000688.1,0.0601,4.54
AP000688.2,0.0546,-4.07
PSMG1,0.0555,-11.19
LCA5L,0.0681,-19.73
B3GALT5-AS1,0.0557,-7.13
MX1,0.0652,-15.81
RSPH1,0.0703,-10.77
CBS,0.0582,12.74
HSF2BP,0.0485,4.36
RRP1,0.0731,2.23
CFAP410,0.0544,-0.09
SUMO3,0.0571,1.72
FAM207A,0.0577,-10.63
COL6A2,0.0622,39.97
AC007666.1,0.0579,-12.69
C22orf39,0.0678,-9.12
GNB1L,0.0657,-1.38
RTL10,0.0714,-0.1
RANBP1,0.0696,-8.46
RTN4R,0.0742,19.73
ZNF74,0.0515,8.45
HIC2,0.0741,-4.53
GNAZ,0.0635,11.21
RAB36,0.0652,-10.3
DRICH1,0.0461,-4.1
ZNF70,0.053,3.22
DDT,0.0468,-28.99
GUCD1,0.0722,-6.62
SNRPD3,0.0678,-0.81
LRRC75B,0.0737,5.2
CHEK2,0.0487,7.7
ZNRF3-IT1,0.0493,6.41
RASL10A,0.0669,-26.71
RFPL1S,0.0741,-1.83
HORMAD2-AS1,0.0545,0.65
HORMAD2,0.0528,-0.23
PES1,0.0761,-2.08
Z82217.1,0.0499,-42.23
CACNG2,0.076,2.62
KCTD17,0.0732,-2.94
H1F0,0.0468,0.57
MICALL1,0.0608,13.48
BAIAP2L2,0.0709,-4.21
AL021707.2,0.0718,-2.15
RPS19BP1,0.0655,-20.08
AL022238.2,0.051,-36.65
PHF5A,0.0518,-8.37
CCDC134,0.0612,-1.34
LINC00634,0.0518,7.14
NAGA,0.0461,1.9
A4GALT,0.0746,5.19
TSPO,0.0499,5.15
TTLL12,0.0579,1.88
PNPLA3,0.0621,15.51
WNT7B,0.0607,5.15
PRR34-AS1,0.0474,11.32
PANX2,0.0625,-16.44
NCAPH2,0.0764,13.61
PLCXD1,0.0564,10.12
ZBED1,0.0741,-2.65
ARSF,0.0566,4.85
PNPLA4,0.0555,7.09
MSL3,0.072,4.92
TCEANC,0.0572,10.09
RAI2,0.0554,-8.42
SCML2,0.0677,-8.45
ADGRG2,0.0551,-35.86
MAP7D2,0.0525,1
AC092832.2,0.0588,-29.51
PRDX4,0.0577,-0.21
AC131011.1,0.0548,30.28
DYNLT3,0.057,-5.26
FUNDC1,0.053,-2.13
NDUFB11,0.0472,-23.58
ARAF,0.073,11.92
UXT,0.0607,-13.56
UXT-AS1,0.0477,3.54
ZNF182,0.0583,7.56
PQBP1,0.0654,-12.89
GPKOW,0.0742,-17.85
AC233976.1,0.0628,5.44
PFKFB1,0.048,-4.37
FAM104B,0.0659,6.23
KLF8,0.0566,0.42
MTMR8,0.0584,6.78
SNX12,0.0567,-5.67
NHSL2,0.0579,10.25
ATP7A,0.0537,-0.39
POU3F4,0.0497,6.6
RPS6KA6,0.0677,-8.84
ZNF711,0.0751,-13.13
NAP1L3,0.0581,-1.72
CSTF2,0.049,-0.82
XKRX,0.0519,-4.27
HNRNPH2,0.0715,-3.11
ARMCX1,0.056,0.87
AL035427.1,0.0499,-39.06
BEX1,0.051,-26.79
TCEAL8,0.0547,-11.35
TCEAL9,0.0704,-12.63
AL021308.1,0.051,-3.22
PRPS1,0.0492,-9.56
COL4A6,0.0581,-22.13
RTL9,0.0532,25.2
LHFPL1,0.0656,-6.2
PLS3-AS1,0.0542,-5.56
PGRMC1,0.054,-2.48
CXorf56,0.0656,-3.37
NKRF,0.0674,2.68
TMEM255A,0.0474,-29.85
AC002377.1,0.047,-5.77
APLN,0.0536,8.39
AL034405.1,0.0581,-3.46
SLC25A14,0.0701,-8.26
RAP2C,0.074,3.84
CCDC160,0.0609,16.54
MOSPD1,0.0511,-2.23
RTL8A,0.0497,-13.52
MMGT1,0.0701,0.49
MAP7D3,0.0665,-1.54
FGF13,0.0679,-2.59
LDOC1,0.057,-9.13
AF274853.1,0.0578,-1.88
VMA21,0.0757,-2.81
NSDHL,0.0474,-5.98
PNMA3,0.0512,-6.65
DUSP9,0.0513,-5.47
IDH3G,0.07,-5.35
SSR4,0.0567,-14.93
TMEM187,0.0515,7.37
IRAK1,0.0624,3.88
G6PD,0.0522,12.47
DKC1,0.0704,-10.59
MPP1,0.0631,-1.67
CLIC2,0.0469,-7.13
SPRY3,0.0535,22.15
PCDH11Y,0.054,18.51
AC240274.1,0.0703,-0.89
