donor,cps,MCT4,PTGDS_a,MCT4_m,ANLS,VATP_a10,VATP_n6,VATP_n10,LAMP1_n,LDHB_n,gm_a,gm_n,ncell_a,ncell_n,ACTB_a,ACTB_n,B2M_a,B2M_n,GAPDH_a,GAPDH_n,GUSB_a,GUSB_n,HPRT1_a,HPRT1_n,PGK1_a,PGK1_n,POLR2A_a,POLR2A_n,PPIA_a,PPIA_n,RPL13A_a,RPL13A_n,RPLP0_a,RPLP0_n,SDHA_a,SDHA_n,TBP_a,TBP_n,UBC_a,UBC_n,YWHAZ_a,YWHAZ_n
H19.33.004,0.302312776,0.0442388764192426,1.80798353843794,0.200830385575642,0.110145986426269,0.310914488277725,0.511069220588487,0.535497663985426,0.21017416898894,0.308508929518256,0.102348672479248,0.116376879344087,2368,15088,0.394107355157266,0.840051995330586,0.097522127215524,0.0426368485261663,0.700815308266445,0.750431570697532,0.0876083832196388,0.0883802874621166,0.171426476514269,0.964236093047031,0.433906817129134,0.349095003701616,0.15280815059747,0.245384541255731,0.1705520809691,0.502782692246372,0.168661276671431,0.232956326089865,0.0644137539359666,0.101006541665335,0.219808087759727,0.28014938797938,0.0558005488301451,0.063208734534665,0.830227456338754,0.536317004062717,0.346513326506357,1.03046541367603
H20.33.001,0.522888828,0.0270944863300899,2.1351665100147,0.21227057893679,0.0809997203620686,0.274948786580614,0.414863506954436,0.447119479201595,0.175107891881121,0.200240722652953,0.106582159932698,0.118399067536354,1160,12303,0.483686475584219,0.62326687835275,0.158760232581147,0.0289526046579624,0.437571384988982,0.293642326316184,0.084031268735898,0.112551593029525,0.148130626308507,0.81841908434896,0.178515377422345,0.202308889199571,0.302377632157556,0.207921019874832,0.144949337274864,0.308896752147486,0.124945810578507,0.129018090830667,0.0700115731435603,0.0648285345410023,0.241964007695687,0.275249239035501,0.0862598967834793,0.0838362858347982,0.409637927752117,0.195153145148162,0.337404601892521,1.03033868516111
H20.33.002,0.206549371,0.063251301421592,1.48248710294864,0.315373559811301,0.080926976686147,0.261673134757546,0.390456397021531,0.433180508051737,0.16642083314143,0.191293641748329,0.1054270948422,0.117157862909622,597,12092,0.348902227091829,0.449680661789708,0.209229232178661,0.0245711036141083,0.390912051850827,0.240565346968596,0.0776063319626366,0.11478825437544,0.122225318896511,0.684544845795665,0.199444601109479,0.220307418519555,0.209254938503805,0.165690329989336,0.109989863519293,0.264687967949106,0.187617409169374,0.14509398637175,0.109915303699735,0.0654140507467794,0.233114280667736,0.275008268873699,0.0827340363857135,0.0997652707629465,0.393260436715992,0.143511145924974,0.348358471314711,0.957002662164148
H20.33.004,0.725005699,0.0470825119046219,1.70686600190678,0.284355336056672,0.0610512400572562,0.271518841348117,0.474328274252096,0.483932190139782,0.188671690726058,0.259424724049025,0.106681615482121,0.121769751834916,948,12580,0.491412880865833,0.813118295232056,0.529307572744818,0.54972937648882,0.523665066368343,0.413227086167765,0.0836413920177186,0.125589005476743,0.126691548758921,0.669298385507138,0.195829674853051,0.287109690441177,0.17445043760513,0.185932671205572,0.185049468392058,0.450639911895301,0.173245767705174,0.212242692097761,0.0735656406243139,0.0923398999737158,0.245703011311056,0.281520430139297,0.0937586331795037,0.113850645435491,0.297414861195072,0.241719548260002,0.370433368386096,1.03645848288469
H20.33.005,0.760780881,0.00875768282529257,1.54964029585412,0.11606088104172,0.0571947760803129,0.300166495238195,0.37827094700562,0.406046303788503,0.16689473730895,0.211437781631432,0.10274653219331,0.111041480590869,1874,16144,0.224492182321012,0.391860438437396,0.0793499934985009,0.0234731916560652,0.253460886479696,0.300406336227092,0.0620101872620868,0.0729770303054965,0.229892330544354,0.942907794763134,0.211117093168048,0.242400336276133,0.10872279901133,0.164916718722486,0.113036484536074,0.195786443958936,0.0969262016795997,0.110408314157368,0.0482967586565679,0.05352267079107,0.221911779828489,0.252432278963867,0.0577010048618948,0.0594549752800468,0.359745520219732,0.256346552651209,0.386781293282578,0.858899064459889
H20.33.008,0.753887834,0.0285958806405196,1.22168714831004,0.163191583619189,0.0709022191730706,0.282958269771692,0.316076253460473,0.34884062211962,0.111402057232455,0.148354292859212,0.103035567428136,0.111606379032809,370,7531,0.455746812755997,0.308926043749774,0.167451141895475,0.0257382556813882,0.365063613894823,0.136829979904219,0.0702054265785862,0.0903121404460608,0.135879313784677,0.683194398611899,0.146289283923201,0.189150828216188,0.0930007757367314,0.145771318945458,0.122406122168979,0.131751443499699,0.147550447405996,0.0961721808444439,0.059097621932223,0.0399858984166749,0.221623316648844,0.275657776999903,0.0880881569272763,0.0950908851184672,0.213436462025385,0.0984596350298169,0.371192452915617,0.707700770204364
H20.33.011,0.810864943,0.0395962873386347,1.69028868883956,0.2283847641236,0.0861347315050706,0.31112159763594,0.487032227061227,0.492384993139216,0.209019712089365,0.207342468934786,0.109402275240675,0.120270552568923,1108,9203,0.394712057193264,0.753959620221081,0.130442862113138,0.0313898995887044,0.46273294668174,0.38046296250622,0.100168598661139,0.13927073092504,0.119331275916487,0.669477530787182,0.222307800305234,0.245010970016462,0.252572177872331,0.21728998144329,0.140114533408992,0.390630724341872,0.136618381090435,0.166813737573451,0.077269992001005,0.0848643119305965,0.254551251012065,0.301804054623196,0.0992322836192291,0.103398853981966,0.278250186169513,0.265126897905179,0.330235281670029,0.945720468439817
H20.33.012,0.237009997,0.0100319215402491,1.82915979795938,0.171801172370134,0.0579236497123032,0.291208758864162,0.413194611319845,0.424611133648292,0.179820694278663,0.161210210952152,0.105103813649194,0.115623277085196,1108,10399,0.290607226992342,0.486579369197976,0.0691263633595262,0.0189343051085198,0.383479966664357,0.317920396579296,0.0829806176387446,0.111839783751316,0.156066943228998,0.782626452319398,0.1682159939801,0.209737488302658,0.19082746633231,0.217746790814101,0.0994094445467641,0.245779935253711,0.0819812425368529,0.102569542581622,0.0477645225177388,0.0538067516007181,0.237718034818069,0.24391429812391,0.0764264921096258,0.0725549612721264,0.26244543410757,0.195413028344359,0.3154527651489,0.919638021400495
H20.33.013,0.847210162,0.0272001174551652,1.73621343625219,0.201024497156247,0.0852230588174927,0.306417440296732,0.478749806379676,0.499406967583834,0.198177759773943,0.277657559853614,0.105420384088567,0.123408153031215,1064,10918,0.465544038725303,0.610072461327251,0.147792925974144,0.0280288056920675,0.563681261375883,0.400924294910278,0.0994727336626528,0.137243620798819,0.134335703979758,0.714958609736409,0.18861447358714,0.27469281632099,0.158792166375464,0.213760641546974,0.160444387661895,0.384113681051395,0.235147829832775,0.261315298556905,0.11188815188195,0.100644306673983,0.247080968482826,0.308054850885604,0.0917724644471156,0.109586026976071,0.339337283045166,0.208166094436112,0.333775778798232,1.00245372577205
H20.33.014,0.678277043,0.0524144132520251,1.97515288937277,0.175983663662425,0.0760410182525457,0.276982280704642,0.505749523554668,0.50958460635651,0.246257165377092,0.275852513483834,0.100716979677329,0.123490084061886,193,12438,0.609386040293491,0.649933666357129,0.134491107315597,0.0475912425447807,0.848967998911062,0.486308554046947,0.0829581639927286,0.172247119102652,0.101398968171579,0.645544703386713,0.180987861335586,0.264124956511501,0.212245739648997,0.206368083693476,0.172851698386237,0.407273293728757,0.270381546082274,0.319374982861844,0.11849562275595,0.123262054987598,0.262563368044987,0.31537145469772,0.105468449351701,0.124883887516001,0.612796157752912,0.258651137537086,0.443591014400047,1.04899864394741
H20.33.015,0.878967566,0.0364781061177096,1.49022807641912,0.443569965543547,0.118935173044657,0.332402309581884,0.402348423312657,0.446673020005085,0.159176681041938,0.210536094724722,0.103755881964653,0.118863378669496,724,11492,0.471356437639308,0.578118887755552,0.189553179505451,0.0357841113779993,0.700790116306168,0.33492871094722,0.106721354782252,0.105209052749756,0.196910209830295,0.932063242940513,0.342522040791604,0.24485072572714,0.12062452881705,0.156642571371729,0.125750209889195,0.301994870017774,0.199004805651982,0.139355953313732,0.110457920031982,0.0586560389070437,0.233917538550019,0.272726951013658,0.0461092685138323,0.0772601038507995,0.872678902308915,0.200173985912587,0.413914171742142,0.883617967377546
H20.33.016,0.616531087,0.0258761966260317,1.96905212715089,0.132328760433704,0.075526711672319,0.290984728976149,0.426726419668749,0.440112625621587,0.189993522315561,0.180851387767211,0.105432049694865,0.115482978586708,749,11350,0.442050571276126,0.555768812533123,0.159186517484038,0.0305472501931868,0.614469239386284,0.31857815648064,0.10462967554065,0.133207473536617,0.0953982329973391,0.630897833265134,0.157938562502689,0.198216188350438,0.230156717356916,0.185155399002233,0.172052783028624,0.288347059374733,0.23708033949654,0.156296162619727,0.110818354246295,0.0634356678228021,0.251209120744857,0.26781050850346,0.102080750290319,0.0874690271723638,0.373692612662334,0.187446805749433,0.308114855745447,0.962542595401209
H20.33.017,0.790026228,0.019162857401296,1.45691488089676,0.215071401371878,0.0903250645041716,0.278260110201513,0.41057300306458,0.417942410756296,0.184330556758143,0.181360490676288,0.107331010416118,0.11380005801587,954,8691,0.356413929467431,0.544416723927836,0.138880724708239,0.0385516661935874,0.378887659583077,0.362388162630541,0.0814075688489828,0.115589509306521,0.109561689088679,0.765221727133044,0.237923759537548,0.225190269336758,0.190473632383272,0.207195168884649,0.128479863425221,0.296599666109113,0.115783006483904,0.110956289903737,0.0444772572449918,0.0586236753174055,0.276201090222885,0.240689764964133,0.0844564344616806,0.0735565475967781,0.221690072359779,0.222379295257636,0.419213806120855,0.946834086524838
H20.33.018,0.89607397,0.0105101212708637,1.51399927831659,0.192744655641241,0.0736285277739519,0.260404437786401,0.417338289855483,0.440506952505982,0.201244220287763,0.188808352941132,0.0998744475266499,0.114577474194232,1980,12379,0.362216754122214,0.584763850386298,0.0993261304016065,0.0581514882123165,0.339424397427626,0.374725171022755,0.084784242119452,0.125436825633665,0.112825843285431,0.818738208662516,0.177436723371949,0.203229524973716,0.141019376480218,0.217148983640871,0.106552466720042,0.307883114585662,0.105210067452204,0.120926313668306,0.0459334230934731,0.0751299947302815,0.241884300383655,0.26352566317168,0.0407299324268042,0.0657059312247746,0.312812060072567,0.304945537255751,0.370923017627663,0.91985736333748
H20.33.019,0.728160721,0.0334751728889672,1.82083417900765,0.404523014564953,0.0882334769656867,0.294400500922328,0.460292277651223,0.48046956881909,0.18339666731189,0.210801701812358,0.105363008419308,0.123500120790328,1033,11895,0.647265899244837,0.638627394934245,0.231386687451503,0.0394750681994291,0.521472396168566,0.295557900284859,0.112333998300445,0.129975368721413,0.213259852679747,0.985366066978378,0.204227628343218,0.264463706447353,0.1950252348375,0.197274268329607,0.153462481868002,0.329650717283771,0.218509100673275,0.163263918386444,0.142618157467214,0.0753974374159763,0.259872299426984,0.307678304080855,0.0809589197709507,0.109133650802511,0.60824464548592,0.197377768828181,0.433062865738716,0.916207505868432
H20.33.020,0.928512537,0.0153881823714775,1.68261565603787,0.377567753430932,0.0946177405081218,0.285816400212389,0.392692241912286,0.412924667174195,0.166605862180638,0.17558361306399,0.101307406573808,0.11288079519911,1580,10688,0.550771873170817,0.528135908145073,0.12590092674275,0.0390084750454003,0.556660253233925,0.387522052427681,0.0724158311003371,0.113653372962399,0.145183207594518,0.804989633214532,0.310370954758004,0.210180422044387,0.107634637966941,0.201368162216421,0.0982317178404029,0.237632537941019,0.109321881481741,0.126663399655665,0.0542191862588442,0.0606225627076444,0.226101172611683,0.232259579623274,0.0433529062738901,0.0658798159042953,0.559464532146348,0.259685249030897,0.442588008864771,0.94258152446598
H20.33.024,0.323638945,0.0949587584978127,1.88514434429536,0.487087928873348,0.158208554288948,0.347492742969329,0.573044735151185,0.562915865530175,0.223665787207379,0.223806953879374,0.106863337335426,0.131204231848783,83,7716,0.984444003507315,0.495109572912001,0.218082168734217,0.0516264853837763,0.850754373044853,0.343712214560105,0.109473207628871,0.183537373887042,0.337230802659529,0.828265108118879,0.343961813363684,0.373375609676422,0.196058653923402,0.226327604206232,0.134081624717598,0.306865802512226,0.211109302489154,0.240737963365965,0.268337532339326,0.127905040002197,0.396260098520532,0.380707605968352,0.136043786284435,0.22309045290923,0.82770818076938,0.341677475411652,0.515531147459903,0.812128366843569
H20.33.025,0.588881872,0.0282058632357524,1.76311662605877,0.188883766512363,0.0577977456573146,0.264262005185983,0.431029926817161,0.452188048087999,0.200354984257823,0.226896442437945,0.10030967460967,0.120252234612773,732,14373,0.335503930928277,0.486180579124303,0.0944003359379013,0.0259328547092517,0.522741157011908,0.248472800783272,0.0953607320215533,0.134780489264154,0.123805857665552,0.632074548426728,0.144515090423529,0.229021086953987,0.199224535314763,0.190164736245087,0.12416666168007,0.310225092408265,0.169634619167919,0.214668605580552,0.0562832787877224,0.0746193912490899,0.205477131744389,0.296978498693766,0.0731194773739804,0.10491206158819,0.337558062492661,0.138950558318513,0.36645574250915,0.87639492627106
H20.33.026,0.906842533,0.0303415355957904,1.91178976969337,0.347564164426301,0.107033255480745,0.312330104284129,0.498300618522031,0.510182309894289,0.205702207492222,0.301512114798337,0.107857620157294,0.123647168568259,424,3305,0.64706938573212,0.838446229894655,0.141422767473279,0.0865437654679734,0.534335406743131,0.425442772703569,0.0914875484018956,0.130313268348958,0.17319444805946,0.729466548228408,0.205257266549007,0.319375469340589,0.143559408918867,0.214069187922936,0.160189104600335,0.45332860260999,0.11895934239311,0.19033726648443,0.074536911510634,0.112582217854604,0.232809850840636,0.272061666814715,0.072224192532166,0.0997107206625405,0.481146542531139,0.367043360373436,0.402277457193946,1.21779554996656
H20.33.027,0.625950796,0.0335660010776264,1.57914104060139,0.258951255642032,0.0644714387771267,0.290460197797558,0.578541452281256,0.573506461957774,0.219492530222023,0.335667695093709,0.103312117838279,0.121560050256906,1192,10815,0.578927070177442,0.902681734684684,0.187901845914405,0.0659098628014533,0.620321588903266,0.701023054666132,0.0897965790491376,0.132199404974241,0.0871965629642442,0.653813396418365,0.185166262690253,0.347819894984867,0.190683205280728,0.189736700432407,0.150991085516726,0.538612476964337,0.167340405735394,0.408208951008193,0.0952040158312193,0.16234855059288,0.211932125282568,0.329232531094298,0.113042225973718,0.12875900441506,0.42307717513118,0.373838192882413,0.306200271909869,0.911002885175148
H20.33.028,0.814933639,0.0115428782944209,1.29754581723524,0.122145484223229,0.0644844819601664,0.302562270174445,0.374312862200121,0.376132039207407,0.166284108312679,0.142689125520241,0.106065866576447,0.100880032441433,1886,4023,0.442494507946177,0.392558531650939,0.0998800556676132,0.038454873646162,0.541045376946034,0.428925493871457,0.0910285547502094,0.107421545363201,0.105027961626665,0.639316508256171,0.139768210378962,0.194923052281371,0.175888645607871,0.195752088574074,0.127671865112329,0.164899368017816,0.144368953386584,0.110146230147337,0.0537611296595976,0.0618222117157324,0.250461029467565,0.162360983969944,0.0774012365608554,0.0439378997260529,0.32751870100818,0.207446653852408,0.448994413342165,0.637718159339631
H20.33.029,0.612831699,0.0273341024233625,1.92760546560641,0.219522488991851,0.0720858021261212,0.312062250373151,0.411173429766912,0.432840660283429,0.185887997647587,0.158953260297552,0.110542589565684,0.119130657998123,459,6257,0.427782326709471,0.471262972094613,0.0959229418654847,0.0384493192173487,0.395610222694401,0.243246483329111,0.102763733475556,0.133662090948025,0.112685748175079,0.737388728956016,0.136093746537996,0.205013209363585,0.191897404122456,0.207365120427237,0.102295020372,0.252015774925215,0.107212093498452,0.113284457692856,0.0673211324059106,0.0631483296098821,0.226572944415421,0.303980381005804,0.0850992187825164,0.0876759825399676,0.442363830952863,0.18054559832507,0.375094054051734,0.874812779765036
H20.33.030,0.786515278,0.0613160730705898,2.02501521729939,0.242888127410375,0.102875498351003,0.361901315337342,0.661070127407904,0.62391979935636,0.275656826728986,0.363882126037486,0.109455240230135,0.126055323005836,689,12463,0.601319701777141,1.20305211660503,0.189645098238448,0.0560123950149139,0.852278223880317,0.796587097812075,0.101161173016309,0.128458679090935,0.12137627441582,0.687586321665776,0.271759955517959,0.435834995877082,0.248588106152973,0.29375810130999,0.279662884025684,0.650426986183627,0.227347696294632,0.278590769099953,0.16985110283244,0.150975038403064,0.262647656942833,0.294420560733265,0.103236180171911,0.120650130600182,0.525407301410708,0.517785599030938,0.435999358989331,1.29386053751509
H20.33.031,0.777858645,0.04812270992837,1.81104401750299,0.302036636274192,0.05424141904971,0.29369143865063,0.492461718368268,0.493081770948549,0.232468539535232,0.230744520882912,0.111091025175937,0.124266804125764,682,7066,0.335100712686165,0.744033174754294,0.117773837226926,0.0541594276442479,0.405370364987081,0.376003600212545,0.108484677970409,0.148974794723112,0.127663275363508,0.751417787098704,0.156934063105989,0.283126347159723,0.252773715472641,0.231050827862321,0.142172572833876,0.393072334270816,0.137412303812867,0.184553117064526,0.0806481496941659,0.0986974909416583,0.272740334840464,0.316951828779157,0.098539497255405,0.110584666381519,0.238555949476283,0.264344341775622,0.28784802885961,1.00276334103362
H20.33.032,0.818040808,0.0928099773964792,2.43964473420106,0.255413629420816,0.0948219510096697,0.28370813235615,0.566245721673981,0.538910142448037,0.25864163445338,0.284287090649641,0.101238788970498,0.12618811496294,583,8357,0.724315805459718,0.70196470052389,0.275445687014284,0.0785130879069339,0.913536661638404,0.53183712655507,0.0892526615749706,0.161504655205399,0.122631303033125,0.619094890802546,0.15735140079904,0.334179606413933,0.23532629084628,0.263599340915252,0.179741152870512,0.467118740230674,0.295137616772186,0.310116240749151,0.207050487322423,0.143876931269559,0.209089331162732,0.337686185354934,0.115189676474952,0.128239945416154,1.06775812474982,0.421292223984885,0.380990861568402,0.942572858901818
H20.33.033,0.874937976,0.00780403824767681,1.84508433200494,0.310542244108478,0.0695943188687366,0.256484499709173,0.483602323721043,0.486374238085804,0.176292459425024,0.227716560449855,0.0891458385658169,0.104524768346878,396,2503,0.325729762062882,0.641480563749469,0.0947809127545116,0.0355709858366693,0.467355722580293,0.796735486547756,0.0650185719885007,0.090007104062934,0.168158710604966,0.959493662541359,0.319335133138329,0.309588970274888,0.106664488863463,0.173593317487813,0.0615283816751808,0.246390391136711,0.0928418979500279,0.167629810946849,0.035115452125819,0.0628237637861986,0.146419365749215,0.200569774507524,0.0390897999809246,0.0487477316815425,0.440154005632256,0.487939484920494,0.307840022625345,0.802629095771958
H20.33.034,0.368330163,0.124927421273856,2.47836342340913,0.497009923953689,0.160829057330373,0.325409139435867,0.613297099020381,0.581327295017848,0.244460861708636,0.335166138626279,0.103853349074862,0.124402002389365,580,9267,0.884732333545027,0.966569122263493,0.293974639680879,0.0733787553704285,1.22744962675818,0.750655259168433,0.0793288870618261,0.142284235857034,0.204848756358541,0.813025759879769,0.306560885238236,0.399429177289528,0.217664551118325,0.235301067176501,0.219950081459407,0.540647003045132,0.255763590849679,0.286200828716003,0.183235131717961,0.155949355604866,0.231359841135041,0.326721369875272,0.106558853439216,0.123282532874478,1.16417637755131,0.533250838623868,0.338322048094766,0.974740756041052
H20.33.035,0.204485489,0.0232852693738007,1.72416478189511,0.43381422658286,0.125412329243935,0.324812198787685,0.504558165534355,0.517334148554272,0.215217419253486,0.191585991604033,0.11033536401929,0.128502270208622,246,4578,0.848990987532023,0.525504224941414,0.156108974138411,0.0365548742696636,0.87568622306595,0.244061602039491,0.100653152337404,0.185922229634871,0.158038741689387,0.80941537030728,0.196722670178103,0.294219163688719,0.263929864376541,0.259051724972977,0.119958124025081,0.31217263704235,0.173110224064288,0.180706684840147,0.157832702000936,0.0765677351389014,0.214719737993508,0.367894304238419,0.140199927173979,0.158075117696908,0.841613540743909,0.212219155866322,0.456161681532375,0.883723955710495
H20.33.036,0.844305126,0.00669426150517921,2.08484495159698,0.222788899033158,0.0578730840933377,0.231515374248975,0.371206584501051,0.378821934856863,0.158915855082386,0.171323273655794,0.0959436933068289,0.1072142107166,365,3486,0.329985555149105,0.446036831207031,0.0685673314414612,0.0419409791979035,0.313634883785901,0.357659570674016,0.0815590786607298,0.105283732878122,0.126086507758049,0.782679385479435,0.108174843167605,0.210768309687395,0.207056828884229,0.222431620725068,0.0850914708555561,0.222983163260501,0.0881667173072083,0.125332079962435,0.0363025074135767,0.0737383000753559,0.208625403087433,0.211329062860961,0.0692296344939977,0.0548188401598802,0.198507426372946,0.291495014612557,0.317477786296035,0.751769483568199
H20.33.037,0.891215423,0.00351066720229629,0.694668745439775,0.363115647171117,0.046799725403175,0.244250158257871,0.452372052252636,0.423676504068686,0.219787253312907,0.178584999544253,0.0859153368668869,0.104658653480966,419,3180,0.139226318259228,0.603302803949553,0.0852562013417838,0.0664121292320625,0.266513547422209,0.45969345504008,0.107375243114116,0.127695210835656,0.0849793436703648,0.678874470129515,0.094392327533986,0.239453647815207,0.0938234562521049,0.266760545875291,0.075936740366542,0.243954338986169,0.0918088800013777,0.143378973051718,0.0445646066085251,0.0822759364690608,0.14696825631763,0.221157845896932,0.0273830259045439,0.0550682236235472,0.158656764286515,0.407554502405648,0.260059375893814,0.820494865546437
H20.33.038,0.748876479,0.00905250350828364,1.10842144433136,0.210104419375366,0.0588745331592298,0.262434156076815,0.323560155261999,0.322861826302533,0.127278712504807,0.11131698064745,0.101836265061104,0.0999773451066233,1433,686,0.313583267937152,0.270782624710753,0.0919634758053505,0.0185298379456337,0.415663919266669,0.319976267722536,0.0801178384455283,0.08798876845715,0.0969019842393234,0.771810549189155,0.187229550621015,0.189438186368685,0.198917531459713,0.138232113103825,0.106226656666521,0.118585423395342,0.110523386708274,0.0927206387976863,0.0404486988111551,0.037974016138138,0.179015815434802,0.163823444494006,0.0919177177396589,0.0432648909204903,0.213477233730241,0.131063085950846,0.380925216565828,0.620141846619264
H20.33.039,0.371467201,0.0710023242421755,1.77367884833887,0.166208259437395,0.0719224988497724,0.268534860019825,0.432272104795917,0.450907553311513,0.217601506544726,0.190160414170259,0.106003225743436,0.120578863653298,607,16395,0.392524609210267,0.389635637387992,0.20852577573385,0.049889772409217,0.543018430422323,0.259514590923326,0.0993354642116257,0.154594157064477,0.0995630046975672,0.593300527839553,0.166627620403613,0.223037202546976,0.150565773543259,0.193508878999656,0.123897548857002,0.273031668233895,0.24032712395148,0.226239825277094,0.124804953226737,0.088757154287571,0.217831677817041,0.315279200608573,0.102510520516353,0.113271102590527,0.589444677951505,0.149804484695151,0.377501292322966,0.928491976987156
H20.33.040,0.438826934,0.0642780507865705,1.82019296100265,0.327180175580711,0.141032929764746,0.283773867807649,0.405663995024778,0.435324195165517,0.182473892940154,0.187757719890006,0.110128798920242,0.117730336297872,1235,6684,0.419752747689182,0.560732379622584,0.175809335949933,0.0387515679195764,0.598995324679715,0.258275830736445,0.107701700672447,0.119455774950074,0.123792226606535,0.761901652299978,0.328204597611176,0.211105134902173,0.180212518572807,0.188181617963259,0.127871953355156,0.305252062140633,0.136492784520392,0.124097013847154,0.0685830282416904,0.0728202950151415,0.260407641759286,0.278939487127769,0.0775121126339021,0.0805776735850209,0.516339786368826,0.20137469252635,0.387329689054354,0.939311734215094
H20.33.041,0.652943184,0.0546242606907218,2.17181262460422,0.513722494136596,0.180553265079764,0.315974264416971,0.514806955349688,0.518467718487623,0.236592107993415,0.243272032693288,0.106013804362995,0.121140680461022,379,8942,0.880490625439344,0.739667777143697,0.362995462909852,0.0537056811203881,1.25344589509876,0.491545682254736,0.100783334204578,0.150037107548006,0.206445635072789,0.664052210441574,0.332869642328147,0.303520466249959,0.242640864251471,0.21908004590302,0.201396708595407,0.421267940950051,0.223692679743339,0.233307872354164,0.28005960528643,0.125087980633413,0.222337248064283,0.303786902599082,0.0963807981215555,0.108878255356624,1.11222475405419,0.361341796196736,0.37511113144477,0.975900065276319
H20.33.043,0.442127888,0.0528551792248123,2.02918602033571,0.254275266297911,0.0998152599767511,0.320785889679512,0.544228202572244,0.535678340535245,0.204908215976615,0.282812690974178,0.107267930499957,0.122606584479779,729,12640,0.767094919629221,0.709686810751387,0.180842504171024,0.0377492627800926,0.766079133920709,0.60482079362927,0.0958486917659906,0.121449224955603,0.145502592126528,0.666330482423471,0.223645951317825,0.310001024610328,0.304939166672109,0.215925414448816,0.201645987902976,0.482199041983643,0.238647357222148,0.277174565307148,0.0986851178446915,0.106857754765344,0.242147008741507,0.297073814780982,0.117909608206958,0.115219648040925,0.72006961388516,0.402219832360249,0.616444272044101,1.13065244556534
H20.33.044,0.355631884,0.0358532506111273,1.97059983953128,0.407846664358502,0.086792079768141,0.310273225970753,0.568420804977263,0.545298297824451,0.259858346663315,0.306473774049374,0.105852756820273,0.126786172607839,718,8343,0.805873232092034,0.850363706102045,0.242803264253651,0.0794948969649408,0.729634048422399,0.561746742095462,0.115792190505602,0.215032484832033,0.147494859806674,0.621686879261912,0.14148093224568,0.326472290384459,0.202694383296794,0.243455787738632,0.219667687223482,0.515331070627703,0.244754213601102,0.345964254016829,0.21340767117762,0.138971277603811,0.253908995964401,0.373247452404421,0.0970527780006191,0.13575360067095,0.693502469439693,0.365747801563901,0.3697757646649,0.937071916401336
H20.33.045,0.922353884,0.0263157731720379,1.21047822183796,0.236865499427327,0.0463175956337225,0.255279586666397,0.517444435219388,0.483327096535641,0.224181099879348,0.24965286676379,0.0932443071428917,0.111361426225693,280,2754,0.325598929928882,0.945624553657305,0.10658108230148,0.0580786720524253,0.364579956659249,0.706251422910476,0.0794034378869193,0.0999048232556082,0.0970002868345806,0.661520696240399,0.185822102959667,0.346881703197004,0.143869806506804,0.277366240364794,0.143726619120155,0.414237108024767,0.0875763618520328,0.212304882851301,0.032445088667529,0.10559515435906,0.211384260548013,0.24849126197955,0.0389030681124755,0.0781803669255111,0.244060625987394,0.521647940820642,0.321287147168602,0.953703151224486
H20.33.046,0.868382665,0.0166471678522689,1.6351777265914,0.176605668431321,0.0626632860742794,0.284278951091553,0.516398944082977,0.505141899249022,0.202788522223417,0.270992414218932,0.102426362368666,0.115710712943588,1005,8518,0.394297234009748,0.720993791487532,0.0684663336075361,0.0399565033808816,0.354678078314558,0.599296295531243,0.116186451437461,0.126255980040069,0.115530517593545,0.691596065408455,0.151954991040538,0.326419158020639,0.178066264367222,0.269164566294384,0.138467690986187,0.377489560639937,0.10799746222757,0.187403012414767,0.0542537202882529,0.0896868750476612,0.195728061685515,0.217366112212,0.0696282268460117,0.0796886506125446,0.228158549111874,0.434472535291862,0.374688626937012,0.987567161245087
H21.33.002,0.856821169,0.0357989066302693,0.883216155899896,0.40020830206996,0.0756898056130649,0.296621613166755,0.515280324721923,0.533536549045228,0.245951882033182,0.252943700156475,0.106217378266686,0.122933550434288,711,6889,0.392101411787602,0.745873983274015,0.159331868595212,0.0718215893797759,0.439098814683122,0.456854721336328,0.106866818440111,0.138836047825866,0.0841343469089932,0.682446006421064,0.162844632161485,0.266889141475878,0.107366936304901,0.230583651668622,0.110143347903981,0.381306188140756,0.11173690174367,0.318896112967072,0.063317688121742,0.141225239038922,0.234977687712963,0.314440181307708,0.0810152627160948,0.0956803706256541,0.77864982443436,0.391578604030145,0.384156088076228,1.06369976976654
H21.33.003,0.238033394,0.0334442276788583,2.0490116582524,0.227674150285907,0.125865901822841,0.301669028866788,0.555223426407334,0.539284576196552,0.210806631122629,0.251457404451036,0.105991290061191,0.124543043125643,1127,9933,0.647701911436528,0.780488220710586,0.192528590546737,0.0386490031265245,0.963678177337046,0.536142895065513,0.083932173045843,0.104716223123678,0.185934044400886,0.802378855613403,0.227688686275969,0.30467456297627,0.241717391568893,0.23845715248438,0.178929256144729,0.426509980304711,0.255950994624326,0.278341558203364,0.11969157307679,0.114905145454716,0.255158005664067,0.341364212643941,0.0947364122733249,0.107147792836717,0.807986410971014,0.368989321616323,0.349306873269809,0.996828155051086
H21.33.004,0.261644762,0.0580668476795432,1.63520990314461,0.156840349899398,0.0623264613443748,0.312196479456738,0.512537854089026,0.51111707901673,0.219209612334508,0.234384588459223,0.112563649741089,0.125620193562188,631,8301,0.355857870540037,0.621122409630315,0.0713540721100219,0.0318463019853456,0.377983267281777,0.343394751939328,0.108309673006674,0.15542073523696,0.134512902581371,0.672447945587377,0.181555149601492,0.288445337198575,0.19760453741165,0.211504021749922,0.149957443308528,0.380275879226245,0.150401322333446,0.215988405066349,0.0785347125042826,0.0931988314629757,0.263201800064315,0.321957965736762,0.104280342461568,0.121983782103185,0.263730076692184,0.244061172179049,0.355619990126645,1.02792906533909
H21.33.005,0.575734635,0.0397084719911119,2.57444587802635,0.172567085888537,0.0966580830406166,0.275825085257681,0.435608189014705,0.455402267361557,0.190969503423601,0.229755447459813,0.104984571672365,0.117491416056964,1514,9227,0.591699487339001,0.678230396942979,0.123667984118235,0.0460127149323504,0.657099265442814,0.491549218858556,0.0866886479792381,0.117053176535081,0.213256320006939,0.870679847271113,0.283721313284048,0.264082911567969,0.222065746557839,0.240607659357789,0.19416978307649,0.35971580084098,0.125397353872283,0.126461186850492,0.0745256569143016,0.0889308381152654,0.24155421865073,0.254455075594913,0.0632244782273804,0.0748441186554385,0.343910595886852,0.351349524162864,0.385600568852147,1.02930273653414
H21.33.006,0.838095749,0.0369107824953739,1.57282981119658,0.16273361306601,0.0897458678924423,0.282566112634003,0.429762382063732,0.454881700145058,0.181929257290851,0.17299514096611,0.104857144546677,0.117393453379054,627,12083,0.299830643873085,0.510141235123326,0.125424451329872,0.0248663532598138,0.387876026676983,0.276840367417425,0.0885506904724112,0.113561171368671,0.108291113704586,0.713912799438923,0.215824543835634,0.221475159555309,0.1965530277772,0.187755744282113,0.125957320941882,0.331871289362157,0.155071146560438,0.136494493049844,0.0674147331876238,0.066215014849316,0.198520230263044,0.267247612974649,0.103382940117442,0.0905270316425088,0.218576890572406,0.178353748309485,0.362029361976771,1.06366868644551
H21.33.007,0.723363962,0.05955365093485,1.31786508995198,0.401015428992791,0.152351907752855,0.317206518438555,0.556136036139433,0.553405740834108,0.241493533621635,0.257283913795049,0.105641469293676,0.123332704719891,620,7510,0.322315221640372,0.762196374606693,0.16339855922326,0.0741549791904605,0.530818501715699,0.518178182281306,0.105879232047066,0.125704039560356,0.0979290468317847,0.792946866331262,0.326037829345272,0.29849631582522,0.162091599693221,0.235660313507331,0.16648100511201,0.486677665725727,0.127096739916071,0.225644720945453,0.076942763693871,0.126912371855423,0.273234048317517,0.308526189743818,0.0673424483306946,0.0878618207215747,0.492510882356475,0.385611839813692,0.456663426949132,0.953237752542991
H21.33.008,0.79034705,0.0153782497709596,1.69583781806918,0.245687691173004,0.0576432807231004,0.281151684826762,0.4154011318347,0.415036961156767,0.176912285167924,0.195317560368982,0.107561428190724,0.113146010145616,439,8618,0.385231460722541,0.558605874012175,0.123730727168042,0.0320524334800329,0.411186138053418,0.464230837684707,0.0995313349372977,0.0882534599979922,0.163547726216512,0.78490751935396,0.174798220769419,0.271699715454981,0.208564470290866,0.211970929929588,0.114530154641777,0.238533004207148,0.113645909655339,0.11355370758968,0.0667909378342857,0.0721073303251497,0.277257644811089,0.233784734361595,0.0677046893601537,0.0761426104551251,0.260216977336955,0.345104272492242,0.436763663396477,0.975409681933209
H21.33.009,0.911019291,0.023648472627004,1.15734975621814,0.806679353354469,0.156999965887221,0.28950929474263,0.537590612725658,0.504883224725742,0.176346816229306,0.27789271144838,0.088466592514895,0.108613697610706,105,5687,0.771605574800855,0.90752947124526,0.224936699867249,0.0727984961787154,0.937334359543664,0.795177562662414,0.0675406964052291,0.106609938350816,0.141542902163097,0.7060932971017,0.605580826032729,0.328549367290024,0.108394277663458,0.257038203702988,0.0962206389222826,0.477128311075927,0.119691666534969,0.184568558875435,0.0612605813003722,0.0880390148087799,0.144337625730605,0.209659891702524,0.00605186167217436,0.0646019119927203,0.927885920093173,0.582639701631695,0.545142383518673,1.0122887262125
H21.33.010,0.821793345,0.0318222672181864,2.13044162898708,0.288667217824469,0.0853758334351302,0.287588634761021,0.48797910770336,0.491668335497258,0.21459178384171,0.300723789591063,0.107471722380756,0.119752751385748,1577,9210,0.397287884399947,0.773014202282787,0.113196180130608,0.0595330158679318,0.418297997855959,0.494823308480372,0.109924472750329,0.12075309852395,0.143170969861931,0.823773020448469,0.205146517484114,0.33459747842959,0.207756249565978,0.274284832940784,0.172560351109988,0.502866049036465,0.123662871258427,0.19657821469737,0.0665884349417218,0.105274330652708,0.246004345451795,0.274668308904437,0.0664595211599171,0.0783027292264627,0.358529362636196,0.43537932521341,0.387761561484676,1.00595236727068
H21.33.011,0.17061852,0.0780177757998181,1.43243294726511,0.17262163069333,0.0625975439502935,0.261072927950674,0.448561946036202,0.454160438841239,0.208173013175508,0.184436153660217,0.102515904099449,0.121723270338626,314,10594,0.277176134905238,0.361149927983101,0.0417418156270009,0.0224851667810684,0.353361001534826,0.216862275198521,0.0921580977500624,0.147083846873633,0.101367505492678,0.610025891990218,0.144223698575026,0.21084035379323,0.214883159774884,0.217983320445436,0.126599167562594,0.24285818480394,0.155122873604677,0.185683635481395,0.069208438893792,0.0807716665426943,0.210595804889491,0.317531437373778,0.0993470678663557,0.121501684615736,0.347872737391739,0.14186399264976,0.414976366860851,1.05946534509583
H21.33.012,0.486296563,0.0362429803525898,1.94574533549833,0.176096043993379,0.113406207709805,0.304363582062889,0.459400525361109,0.470145573496524,0.188702474093947,0.190248956426767,0.108062125712724,0.119271775664805,284,8383,0.497610106172276,0.611462728329359,0.212156193986745,0.0312509869575166,0.721644140202814,0.346379716481672,0.0732913484245959,0.122431606904417,0.112804966073641,0.652917205647468,0.150863958706319,0.233883624327815,0.18971208472487,0.198545830120097,0.138346492299731,0.331052875344244,0.182275548262495,0.140826906075231,0.101337861794401,0.0755330308859422,0.196479946794644,0.273877454532543,0.0781350302654253,0.0934075760906961,0.442183298176863,0.233731047632169,0.35905581607785,1.00043634241277
H21.33.013,0.889562753,0.0179901785928297,1.36375559199598,0.399187196490816,0.0680365925626288,0.276590716589725,0.452969466869216,0.468863073474304,0.149510969060356,0.237819336174777,0.103146922487034,0.118804377781317,981,7204,0.491881528654716,0.783376552327963,0.105508704008069,0.0578247863894483,0.369323580090059,0.382390443883063,0.096495288182107,0.113826996583734,0.126419621657402,0.796697282738599,0.159967081019395,0.262831379640858,0.177931593493706,0.21062838116186,0.132008307601091,0.402584090228009,0.115357874897399,0.209372740430754,0.0460764532424624,0.0963004122869314,0.279397561158852,0.27090460695285,0.0838069550609491,0.0852839645579548,0.358203047155483,0.277556033122939,0.378019401057415,0.974970354347478
H21.33.014,0.754185193,0.0745115196982096,1.61267304004625,0.534267126060114,0.169925836116255,0.339444770146094,0.584842046826598,0.574761532932659,0.210801300769004,0.268659606099222,0.0988101346046023,0.126959700910773,387,8025,0.811775840222066,0.830346665902301,0.264453560190915,0.120148600343603,0.989429205579043,0.681839415666842,0.0957367365520438,0.150746481495204,0.160546085631201,0.881411975494983,0.380409169951767,0.329245215460333,0.111094482801373,0.182501919459888,0.12636254508366,0.510200442647637,0.142725667211128,0.223473152641288,0.0867617777921741,0.160563641855279,0.286127052719895,0.367386019238245,0.0687432148967911,0.117208349864431,1.31974553338009,0.456553731216263,0.54887024730983,0.985849668972217
H21.33.015,0.230780762,0.106306566839868,2.03118133129496,0.238615997929692,0.0975040925873651,0.318862942371405,0.606088365962156,0.57576806182687,0.244940452761503,0.303319226680111,0.105192733383502,0.126133455475397,330,8862,0.627638172606627,0.861671047359604,0.202554278166005,0.0863149427911601,0.840661786993345,0.688949267232601,0.0791023970553369,0.138455068607651,0.0995072456923398,0.691385764150271,0.187988717808868,0.301394437652235,0.236539700717637,0.223284496635088,0.189906935845361,0.481807997160179,0.258037917270805,0.352240828318423,0.132915597070347,0.144070163606686,0.195937277060567,0.296513375066367,0.108512635212956,0.114566400801438,0.756052086705511,0.431422828214297,0.494437345862389,1.17450569530382
H21.33.016,0.336173297,0.0184886797830678,1.78397154224956,0.19223159635067,0.090556104204073,0.26708084092192,0.450757918269562,0.462068880955579,0.195114677103724,0.203954115754926,0.103282593295971,0.119632871917556,552,6403,0.3375530284492,0.492532212251698,0.0572741935974446,0.0314962662292164,0.456881792217061,0.264454502226035,0.0703862769988136,0.115161951834939,0.123897848407859,0.658234051045181,0.168994413013907,0.23398597907044,0.207954772788545,0.196161877935833,0.124622688453267,0.320942287890823,0.118592061804257,0.156054801334236,0.0658203201989333,0.0698003875844817,0.199832087139721,0.272020659526261,0.0847875415415004,0.0964869070759178,0.388628090961256,0.172584432788576,0.415956308822269,1.13497701886295
H21.33.017,0.680216044,0.0164186861312355,1.93224658041935,0.0947049582914337,0.0587963714522885,0.313148485957202,0.393382609872234,0.421390754731098,0.186971867126736,0.202712739845595,0.106165420283879,0.110514148898131,347,3987,0.258467169720089,0.405913097114455,0.0670357828782684,0.0250889828700992,0.280205085873604,0.308848672769992,0.100301210492076,0.111075408091469,0.21052065517442,0.9611771075176,0.181346792309016,0.213842375238071,0.145460222914858,0.189158588455364,0.0947400164449593,0.198251156761947,0.0821232617932026,0.128263391258164,0.0571598928926314,0.0786200082571937,0.240793456691143,0.238320016183738,0.0493879676809916,0.0572818470976318,0.284223270991694,0.328568797113791,0.3689259145119,0.857018404402229
H21.33.018,0.64394614,0.0392137968364884,1.96830792137805,0.359650464392197,0.22530784300145,0.326437028493075,0.427621305793999,0.448625016765772,0.172849493375776,0.191822266219218,0.109130709713149,0.117293979507431,680,6554,0.741483797001488,0.58094491544505,0.180276205522173,0.0379604053174009,0.913745092907373,0.321301272321409,0.0862796281409614,0.127648486429243,0.134292215941583,0.719682635067029,0.539771723418551,0.265938744614532,0.201691983596367,0.193685439798662,0.140800571551218,0.307386825126043,0.162446335462086,0.138678713923057,0.0883461671497892,0.0761886503579261,0.228459552631659,0.252542467122266,0.0925948678570635,0.0816870780237108,0.681369431755122,0.203605513018776,0.43255854586468,0.847098788174326
H21.33.019,0.517476286,0.020938019966061,1.74805776066603,0.275396698377502,0.0899471995360663,0.257198108636004,0.493713363631813,0.507484830199406,0.211499748017883,0.275749999915336,0.0998900034329217,0.124911530761163,1803,13799,0.414821933390892,0.682984963157154,0.20128578079851,0.0829811082671402,0.442458535936629,0.347897296179502,0.0787520841863244,0.124603032402484,0.111935945794904,0.61922973868458,0.257806810500287,0.291395082582509,0.256112592341301,0.230902501036982,0.154043587409187,0.401062894001343,0.151853167855336,0.299061298140618,0.0739206691384646,0.132490612087278,0.210023217295781,0.311478541748622,0.0919283162502864,0.11870767814221,0.208737300970259,0.244531288699284,0.285765865099675,1.05807506448614
H21.33.020,0.911076764,0.0111496382951736,1.71882080619152,0.394973364927001,0.0724354559106705,0.242098616877427,0.411747180977784,0.392563168994956,0.174317539748499,0.11329439610748,0.0909366584955125,0.0979451256132188,1300,236,0.353891247098262,0.441917212332709,0.117024795229618,0.013402633621531,0.758239636146105,0.697827220215636,0.059557500733779,0.0595710378582195,0.083566880936806,0.685917701509039,0.201140266037904,0.192729428789373,0.177572874495616,0.25897356716253,0.0834684512019157,0.161595660119744,0.0938641953239074,0.102426005495807,0.0590280882670329,0.0505566118379771,0.167430856388349,0.13236082686206,0.063831252524486,0.0528858209312972,0.313946860134602,0.278896783999467,0.268467229535947,0.600397355980792
H21.33.021,0.704996505,0.0174894676379421,1.74861062460524,0.353799619764652,0.079416524737562,0.292162570647676,0.431593007934265,0.423340936845554,0.19510399541479,0.199526092890533,0.1092228883373,0.114275632249866,544,5468,0.323136558016653,0.515474036964094,0.136256136219291,0.0405554402464266,0.468315696124645,0.512949576634088,0.0986461181412725,0.108253417349943,0.145817190737409,0.724943898220348,0.205683556987959,0.262285907604972,0.23280845996102,0.227022910640516,0.100098071017248,0.261237546236097,0.110654324183569,0.132506285425502,0.0602501114446889,0.081766864899396,0.191747490097495,0.223810848952343,0.0753111591672196,0.0766687803856086,0.240798850762932,0.304410758228658,0.399960608112023,0.83657330777646
H21.33.022,0.73992399,0.0304628163576126,1.70432140342696,0.336000673833781,0.107117195280487,0.276790779344347,0.505667891427711,0.511352967603184,0.199301570322551,0.266682481123498,0.105569365056696,0.118797379778577,1528,9095,0.351847754596338,0.79291620575805,0.138425728667001,0.0488464667750067,0.372312719919061,0.50442614984781,0.0815132041681187,0.110091387277337,0.118406666013661,0.762547675305143,0.317412532553935,0.296441611069254,0.243204492529493,0.231643962515226,0.165107387220438,0.438156605805995,0.0997482814206815,0.181744202322246,0.0649146222806882,0.100011476977161,0.21583394780365,0.267959243480225,0.0832258125581823,0.0856567304558876,0.218987618850944,0.338456649419664,0.328602952551077,1.14429953213968
H21.33.023,0.296555035,0.0752442209296441,1.85504682279295,0.265608820304709,0.074530714679332,0.30103260301566,0.456395868296261,0.481309697145979,0.212843132284104,0.216474687471681,0.110628474049614,0.122444965505686,756,9290,0.316992484525871,0.548777909167071,0.168320948957766,0.0376175426824903,0.494525534884324,0.29691000976294,0.0887707576313347,0.132480175974824,0.11896096335517,0.765068443956814,0.171751203202697,0.248683347241037,0.196631578206228,0.208742074690061,0.129256485217305,0.340738224863316,0.17606186003439,0.178544751133277,0.0942028040687243,0.0795280490708172,0.227026817994931,0.281609495106054,0.0999539497471045,0.0898608848288158,0.398799440375081,0.201921860653951,0.399197405687085,0.95431288156109
H21.33.025,0.518004737,0.0772867685349153,1.94357469720806,0.601912442101832,0.112756892478914,0.321230588351294,0.430773399735454,0.442957693619594,0.192914661718678,0.178759716298759,0.106823096116461,0.115550960305216,834,6404,0.483033713391073,0.597978406609603,0.195760663804248,0.0474149987408699,0.71906192404189,0.363226344313898,0.0740921258461847,0.124522590017915,0.196846294567453,0.769774229497853,0.276764519119577,0.260604396485127,0.251893132603426,0.270385134411972,0.16740816799428,0.307712388532044,0.169016739768948,0.132164229929731,0.139392010688925,0.0767926689752754,0.236409016543155,0.255838729712244,0.0979406363207945,0.0772846363150956,0.592448685720241,0.31962832423226,0.450805773695024,0.835084192633983
H21.33.026,0.749598881,0.0592868302483112,1.90882974110233,0.135300716579148,0.0641363783636027,0.307374912438293,0.474446380324081,0.473284534073286,0.208311259730376,0.228640313718764,0.106788191598992,0.119694328412055,384,5988,0.469380928281074,0.747986592283957,0.207531372938926,0.0386714760933268,0.469181675541525,0.437449324379613,0.079654924881955,0.126709280923785,0.109943511507784,0.69631832588586,0.179114405298606,0.282171755991801,0.193981280550361,0.213395913436999,0.152502975504225,0.399505078638285,0.116709049713487,0.153372768878827,0.0979426532673339,0.0942777379944114,0.204789363779128,0.275452948948673,0.0977573206958671,0.097816832035123,0.380346920108423,0.302022143436935,0.350266334833577,1.06749672115685
H21.33.027,0.687187072,0.0837312971802352,2.07506315751041,0.236015020963851,0.075982194498098,0.333337049962377,0.523774745797867,0.545789247025522,0.248977341442598,0.27694569195216,0.106309091356337,0.123448899102229,2085,15233,0.380920716505542,0.664482547881579,0.13509493155731,0.0254909733643791,0.676986296978786,0.448410042334094,0.0899336816309739,0.138010033731024,0.130639642148281,0.710425134905469,0.206321775341491,0.318051552108118,0.179823116604373,0.249259893540512,0.182442098177023,0.413948668148531,0.21515698790979,0.247741954510818,0.116833654896533,0.117517924555092,0.226720713196899,0.287314078339246,0.084276929176111,0.103112664757234,0.46177952704098,0.330408726581337,0.420388837176547,1.10417563240049
H21.33.028,0.300177146,0.102974791153936,2.13320413535148,0.349381064502929,0.132299413627074,0.280404218259902,0.411163064745677,0.435198176383977,0.189567918740678,0.154144982363708,0.103213192537611,0.114999333563242,1808,6489,0.290673888107119,0.465368833995082,0.109600490156924,0.0333785025035771,0.579628264053469,0.353062169436617,0.0731661919405503,0.125517785990067,0.155692563103759,0.775542593656556,0.247866730016154,0.201880658081866,0.190668788763274,0.218951194894013,0.137621276006432,0.216896917439606,0.0926317373636813,0.100246303793893,0.046888149978049,0.0550132216430717,0.186623394481047,0.225739186014512,0.0644687191723327,0.0670099746310154,0.199103207154348,0.199495294890146,0.413756325346442,0.989491978548565
H21.33.029,0.910112215,0.0520391307754974,1.74140734525807,0.265173430763074,0.0679778830244997,0.295394733398828,0.478163499474193,0.491729222360381,0.192875218924626,0.267819061108797,0.105695626876976,0.120420905486503,459,5409,0.529537616666885,0.790793517465004,0.154946951954453,0.0840798021499243,0.503295452571383,0.413334543745979,0.0924818237882294,0.11065380510241,0.113375293338481,0.668532006461831,0.140275784827006,0.268127694022118,0.198136677539427,0.26518488272592,0.137691824199847,0.410313245183159,0.136420484656602,0.208452316785166,0.068485564266155,0.10454566072811,0.248187657405089,0.278076144758688,0.0637343032427603,0.0729435247645116,0.452750932417145,0.317383617484337,0.345250180409105,0.983067736714213
H21.33.030,0.252442597,0.0457742761198125,2.08024086314544,0.216690119476088,0.0736256057980253,0.3138243944419,0.557688577381835,0.545640921836379,0.246554326582706,0.320166821594307,0.105206595817995,0.124335958484682,401,6094,0.531030713842991,1.00488524323786,0.224687648310031,0.056044018879034,0.654748660221956,0.522345125847589,0.0779079233024483,0.126284452852731,0.124751761815792,0.644445869829573,0.196288956148072,0.3149356710366,0.177986457609476,0.239610913373141,0.179659241081176,0.558718657587488,0.200233246620159,0.265793195734009,0.154715697961555,0.10705879826342,0.295776536042554,0.348006471001226,0.0770853635973467,0.114462389043723,0.480194465477865,0.372643548475648,0.362997243380606,1.09192848790952
H21.33.031,0.834626692,0.109455896953566,2.29953084622337,0.552750039072532,0.0918925346306643,0.290234371215369,0.531705782113409,0.525493516633617,0.247737522778623,0.269109147408337,0.0957902308908504,0.122000909956426,452,7896,0.581644355063945,0.782174101261669,0.247929804093015,0.0458564399708564,0.859664364594274,0.506185609384005,0.0738994458080393,0.139120066754535,0.157013674489165,0.720409386656356,0.250021122527861,0.319420193210659,0.156945128554264,0.206809627015819,0.188738088362512,0.455570102105976,0.198982412902127,0.283689795401638,0.128052882256761,0.10693571533302,0.158143123496423,0.270008944194828,0.0731602864323464,0.113696815635681,0.480203793837433,0.272925065840729,0.30588784906189,0.942230207498328
H21.33.032,0.380411215,0.079447816210103,1.66985369072924,0.242708644846029,0.0779951077075642,0.311974541202779,0.542567295298927,0.541977741277439,0.240599921926819,0.255364320135338,0.102048693629096,0.12395371149133,277,8389,0.42270515175933,0.614583845087002,0.105435874810718,0.0405336162791461,0.682474081051479,0.45213410729805,0.0898193248988059,0.159037125704879,0.150093920394402,0.652946130572748,0.197239924961909,0.274459615355098,0.187965491510901,0.257089608460256,0.157333682698033,0.364992258097545,0.181854325403806,0.246136241113206,0.080488125124563,0.115808435798665,0.202836842958678,0.291525808906247,0.0996955228626513,0.134575936535638,0.562823883462899,0.300665459878159,0.366115927588638,1.05048046191531
H21.33.033,0.899911521,0.0271078039666491,2.22120356627061,0.189557862790739,0.0771391559026073,0.304054407164024,0.410014819239045,0.41625174870524,0.192894312640777,0.179705675167894,0.107665108897374,0.107668236103843,797,2932,0.634009047856594,0.523583229585445,0.145606830585257,0.0520374058869046,0.644970796394677,0.381210646346862,0.107150863916841,0.134456086326975,0.119364126544525,0.620132520876185,0.17483323833051,0.215053794255015,0.276699744267775,0.246835647293177,0.148963590487931,0.214406786311169,0.119047366465948,0.106309415376142,0.0909014218761451,0.06785641598425,0.25604038991249,0.211217404705298,0.108444271340424,0.0682411868541945,0.367236484865771,0.26395107121912,0.344389987448078,0.836686026513333
H21.33.034,0.869521183,0.0332960231950151,1.04140458275928,0.361656080639881,0.15925611004862,0.27233848230724,0.489422841512454,0.463819508540739,0.258754037207038,0.18064800354584,0.0910010534907589,0.104971298777441,1122,1312,0.325470168694668,0.800155035197371,0.181882546866004,0.0657565023114042,0.737347303891352,0.665570924603721,0.064481740063737,0.122379041674388,0.0695257279855895,0.630202202342178,0.272228660510186,0.229878982665335,0.224530179657826,0.278774191330119,0.170489524217213,0.248409762422032,0.137848409287857,0.12679237306754,0.064554038346345,0.0822402444418247,0.206524860598612,0.195335844440795,0.0649676665849652,0.0713227913237926,0.485829619269108,0.410152708804916,0.324945486431241,0.758258406209146
H21.33.035,0.376970226,0.0867382110245342,1.53823232967437,0.511086549258457,0.0769346849742268,0.28081991821773,0.495209457968996,0.502994836064777,0.210128583971875,0.280759000153233,0.10071638279221,0.120244481311989,1214,7755,0.336371378828902,0.794390763841007,0.175120790447592,0.0499584898040381,0.557173585282912,0.485201575869345,0.105728985352021,0.128956638069536,0.0966814856798291,0.673882679208911,0.25517562829584,0.304194692742778,0.145130532577364,0.232029976854779,0.14780557590124,0.478528905081065,0.121709698188246,0.226095312681508,0.094350848868612,0.119879035227515,0.235409536879184,0.281290741510291,0.0639164241082979,0.0932000321742606,0.418893805715751,0.355034322117237,0.308559955983028,0.933440358063469
H21.33.036,0.690040907,0.0227645410917192,1.6697215484699,0.162570174671933,0.0326129924668484,0.309917676355202,0.463321718911231,0.474210738527661,0.197641691840737,0.212165669360195,0.107499360528735,0.120831082951164,191,5869,0.343952958184387,0.651956721976549,0.0821680858809286,0.0318935043579179,0.343505843615657,0.341203114830629,0.0792294960683553,0.129047996776004,0.14499565366051,0.680436678733477,0.117920041240323,0.250869115134443,0.195377828563071,0.241196833535696,0.146532955125988,0.342966853029877,0.105191392736285,0.130551749759449,0.0597224770728206,0.0723999501351178,0.200005028572382,0.267682323705492,0.0901770735286293,0.100799843144008,0.163011461808419,0.228972281011488,0.441623383791659,1.02680560236063
H21.33.037,0.180318628,0.0780698374093297,2.22967347631972,0.180586199468701,0.102996187803736,0.298600510947676,0.6009825033453,0.576103221390011,0.255837882369106,0.377843371694483,0.105321814322843,0.125617353049619,415,4537,0.592749592625951,1.00441612885575,0.177171970850014,0.0543199560761202,0.754858509316502,0.792203546322493,0.109667350872453,0.138664250481108,0.11592104585774,0.691304156016037,0.202769652906671,0.393870433995692,0.233789920519634,0.263879297079889,0.235924527731286,0.593528329901576,0.211674593371081,0.329653845598697,0.119868526257664,0.141466280111683,0.247594265693642,0.327365127417362,0.0780098914381969,0.109648303241063,0.491424369022071,0.470691159400405,0.351504816850984,1.07412726838854
H21.33.038,0.182369814,0.0812973330418269,2.15970579496885,0.111503870559461,0.0836005233887674,0.34138128889651,0.438545767956216,0.445845117802299,0.182505452798121,0.161446568930927,0.109981432888161,0.118393649132106,354,3531,0.571798756634448,0.585506657090463,0.229395877969804,0.0371521395960566,0.713861735190375,0.317725593510607,0.083601938634269,0.113386390031785,0.161322377916783,0.706636316964576,0.212500542107612,0.256334567762736,0.20813164102324,0.214540002177066,0.170463891815668,0.267393278298281,0.170866541985401,0.106012919332692,0.112471075549638,0.0614546816221076,0.272576359200612,0.253917496048992,0.100467975993278,0.0929650503100737,0.387778138878655,0.217651622719626,0.375938754718182,0.886327915954982
H21.33.039,0.729331972,0.0122845439676798,1.77526476762869,0.427975245458739,0.128961410943103,0.299571165924419,0.468438730219957,0.475582155000501,0.194857179597925,0.201243919331715,0.105360618689783,0.115265918385967,606,5023,0.536960059905996,0.674930398113078,0.181004841114231,0.0436409501907314,0.618566812363395,0.460351910924926,0.0733972016488365,0.129315621979578,0.118424143261052,0.738299079285351,0.289940523727499,0.273787378201311,0.243573416036741,0.247361235851587,0.145053005700458,0.333141232811607,0.136743257369342,0.135969228257868,0.0822013432633365,0.0748587464741293,0.256889749355245,0.224911993244493,0.0785361058739546,0.0861034296963252,0.463650170750547,0.325612433551377,0.342153960476221,0.818471073967846
H21.33.040,0.74451789,0.0332635644809667,1.98364220499556,0.200256955908172,0.0730996618777404,0.326862609244528,0.53561429219468,0.537757387712196,0.217744034528213,0.352676778804929,0.102931678831013,0.120084365077633,1365,8606,0.281904269028933,0.779376189450164,0.112846814232432,0.0566912378112424,0.517244245783313,0.6534300378108,0.0834539403627207,0.100975655597599,0.197134726235281,1.00515057199013,0.291711842489767,0.417232632930511,0.134590414002701,0.241373994836357,0.174549635273196,0.598711230409664,0.115928626278818,0.22083039304132,0.0597609706414052,0.108889410740174,0.220532431576278,0.265507182655689,0.0485956141145238,0.0740980312034276,0.5974743665793,0.576763053014511,0.458297352607434,1.02241829267261
H21.33.041,0.303751417,0.0544306408933231,1.63860468889986,0.221702158844944,0.0557680972701027,0.302586645684072,0.483190366975342,0.495285092450234,0.21944159852603,0.233883280269504,0.105319760503252,0.1224372913552,700,8135,0.271561252219336,0.656802718569402,0.113449772851808,0.0436492969960286,0.341525100895337,0.338935166237888,0.0865744315300669,0.12703278016599,0.141436622185366,0.665268098592722,0.138234346381256,0.277841494401394,0.154960369808333,0.244579848279855,0.140029134580067,0.400233216377659,0.176684724220208,0.208225247742907,0.10122631251812,0.0944984095543165,0.227183856878962,0.278882073325728,0.0743225472314017,0.0939999999049147,0.262985519639083,0.269488335834025,0.439600322544575,1.00905389595266
H21.33.042,0.850064912,0.0501099421211887,1.94470269152497,0.291672688512086,0.0903612636339301,0.300578287873324,0.501586426259742,0.509041138853337,0.211305239540682,0.2717375344611,0.111494414579858,0.124192445343214,722,8002,0.556398029513967,0.886423547346945,0.274186777234738,0.0496577903613452,0.5728299752951,0.478136255488943,0.102063953690747,0.128755269872881,0.188631039515262,0.78358923845967,0.270662635358417,0.28931113576828,0.292608904458809,0.245861105288928,0.202650436238899,0.457004091100219,0.192219381249017,0.219296329892414,0.126694939266942,0.102364373826081,0.273199081008124,0.305213486454996,0.108286677552723,0.0991241462673956,0.49782554526656,0.312141705315557,0.397936380635999,1.09818062337078
H21.33.043,0.520346647,0.0742792761716686,1.83659491280063,0.523759385931149,0.119971744854594,0.332408004114862,0.627064895807676,0.600583695612506,0.233951318112705,0.359232186018174,0.10455135943644,0.123807492646061,610,7219,0.390311224147922,0.944551546951751,0.164357807401751,0.0597189037341633,0.648735847922622,0.631751639977735,0.0983497837039291,0.133193833379596,0.178242377423849,0.708077751751305,0.431077737397835,0.417484855685708,0.180151989567475,0.294479479832379,0.215341701468483,0.58659989257271,0.175950292045953,0.333775218086987,0.095459540457022,0.147259208106288,0.199780059056204,0.294983142718811,0.0964213064948066,0.108932536408101,0.413573753491777,0.491696027482311,0.371532528566532,1.11119656925726
H21.33.044,0.844797956,0.00670911073684692,1.6493141169548,0.280472949381625,0.0930699021021525,0.252467265427113,0.46501264871456,0.484298914940785,0.162563288403402,0.208988987775683,0.0885823542929124,0.109046920537598,500,3294,0.583483558535576,0.658637470334461,0.144998393535614,0.119938539845488,0.643246572971344,0.743707429782759,0.0442141751050949,0.102259109935564,0.131276872396469,0.842394423963413,0.245497714877129,0.198000171457592,0.139482266783714,0.206161941172647,0.123038779616356,0.297080051527106,0.0933203896284103,0.125623936232792,0.0856632306575775,0.0889633482284776,0.158466269850731,0.197784274523602,0.0345586373806,0.0664950065771666,0.271845325708389,0.380656857518496,0.327103322505951,0.926921878577762
H21.33.045,0.924064541,0.0142434412939903,1.07637937097996,0.208279465523998,0.0561850598809171,0.332219117993737,0.566326890228643,0.525558559600238,0.228547895776974,0.286179204129751,0.100927896688189,0.11419295148101,759,3222,0.465909817433954,0.908963783636624,0.11441838183736,0.0774702017931447,0.480221791936475,0.795541066771187,0.0800424051300496,0.10352910209209,0.109728478356627,0.645669058289016,0.227733832417112,0.355439580125997,0.197937218057622,0.291056185373418,0.164537575248045,0.389021227410275,0.114295850001148,0.205073825455393,0.0605754416450681,0.111455140079237,0.21273676868484,0.230025684580087,0.0701135709901415,0.0819823642063037,0.336453699861434,0.529153002984475,0.429021868977465,0.92713137486664
H21.33.046,0.765703597,0.0690500076637078,2.47300329474486,0.516186104677214,0.069366616971624,0.311402952722434,0.426094248895246,0.466530932884278,0.193720244727164,0.243859105808352,0.109559571892648,0.117426457537815,551,2842,0.364358807783811,0.616860826790102,0.134169193447826,0.0461890911060811,0.393789180366833,0.407046750819679,0.0853895843299461,0.108582834298293,0.166382728195234,0.882083830580294,0.20860980626892,0.241001970364721,0.151265582539641,0.208798813733897,0.155564598076573,0.380323905683923,0.0764437890636943,0.115225265299368,0.0723207979961662,0.0812518030488936,0.242501891703225,0.257789595740769,0.0723646753171827,0.0680222054845132,0.336932525444377,0.33784149850625,0.379226736034759,1.13747216136123
H21.33.047,0.224783433,0.170018142743691,1.80963545030839,0.640652876534908,0.161848602027775,0.330892598759886,0.578017080456522,0.552778076716697,0.263224266010907,0.305859219197185,0.100795707482146,0.124711200693001,296,6174,0.4596529269742,0.661854084310821,0.261156316242508,0.0722331397300559,1.10178719964382,0.682816574823656,0.0850199903990771,0.190509876347946,0.127639073073059,0.704974406276044,0.647562114572203,0.378934964752425,0.188517633221439,0.251230245552038,0.171633606222836,0.479393354491254,0.170456185836244,0.36759226482481,0.10998336910396,0.167652577146101,0.217491005824224,0.308830755369048,0.0911483694169972,0.138209603370868,0.465101958328002,0.402773430265045,0.304372165855524,0.861123554164783
