block,gene,celltype,det_bin,pct_change,n_null,pctl,band_median,reportable,in_null_tail,prereg,verdict
REFERENCE,SLC16A3,astro,0.0602170440805481,-43.1952363233837,2027,0.004440059200789344,-4.10755565360631,False,True,,below the house reporting floor - null only
REFERENCE,SLC16A3,exc,0.0907871029996005,-36.379954742669,2066,0.05759922555663117,-7.80208978657021,False,False,,below the house reporting floor - null only
S12-B ambient background,P2RY12,astro,0.134167276201281,-38.3314534672261,2409,0.0091324200913242,-2.02755188270828,True,True,,measurable
S12-B ambient background,P2RY12,exc,0.135144099931399,-33.3179771267689,2208,0.06748188405797101,-7.11242570415588,True,False,,measurable
S12-B ambient background,MOG,astro,0.0205997820602768,-2.93448507999504,1758,0.5796359499431172,-6.4816276460758555,False,False,,below the house reporting floor - null only
S12-B ambient background,MOG,exc,0.0376431387626177,-6.80576238094192,2032,0.5442913385826772,-8.146998577513202,False,False,,below the house reporting floor - null only
S12-B ambient background,C1QA,astro,0.0046125598961054,-41.6893779033281,1886,0.03711558854718982,-6.8965971739787655,False,True,,NOT MEASURABLE (below the null floor)
S12-B ambient background,C1QA,exc,0.0059615080172784,2.54630784715173,1899,0.7535545023696683,-8.64777820682074,False,False,,NOT MEASURABLE (below the null floor)
S12-B ambient background,CX3CR1,astro,0.0053290740547237,50.7218151981682,1915,0.9780678851174934,-7.06534348617454,False,False,,NOT MEASURABLE (below the null floor)
S12-B ambient background,CX3CR1,exc,0.0066264106565348,7.56078266903479,1888,0.84375,-8.35136113480337,False,False,,NOT MEASURABLE (below the null floor)
S12-B ambient background,SNAP25,astro,0.430371243898434,7.59562490906609,2172,0.8752302025782689,1.275319364462315,True,False,,measurable
S12-B ambient background,SNAP25,exc,0.99720771045827,-0.0962859528430116,2722,0.6039676708302718,-0.896059456023002,True,False,,measurable
S12-B ambient background,TMEM119,astro,0.0014628830738457,-21.7522742382454,1765,0.284985835694051,-5.170722555126,False,False,,NOT MEASURABLE (below the null floor)
S12-B ambient background,TMEM119,exc,0.0020670782730624,43.7229515340033,1497,0.991315965263861,-8.49167986689323,False,False,,NOT MEASURABLE (below the null floor)
S12-B ambient background,CSF1R,astro,0.0287650579928647,36.1619497885452,1904,0.9837184873949579,-6.69754994206404,False,False,,below the house reporting floor - null only
S12-B ambient background,CSF1R,exc,0.019154020700937,4.83245634986802,2007,0.8380667663178873,-8.47763111175333,False,False,,NOT MEASURABLE (below the null floor)
S12-B ambient background,PLP1,astro,0.145661357495783,-3.24767085925628,2442,0.43284193284193284,-1.90280627781353,True,False,,measurable
S12-B ambient background,PLP1,exc,0.250763281090983,-6.80583075669261,2493,0.44003208985158443,-5.6714370188953,True,False,,measurable
S12-B ambient background,MBP,astro,0.12412115060232,2.38580232646004,2355,0.710828025477707,-2.31581373073091,True,False,,measurable
S12-B ambient background,MBP,exc,0.801347897867336,-0.992426319931417,4338,0.5532503457814661,-1.44468921208569,True,False,,measurable
S12-C astrocyte internal,ALDOA,astro,0.0384230717559075,-11.0978656647216,1948,0.3526694045174538,-5.87261845642444,False,False,,below the house reporting floor - null only
S12-C astrocyte internal,ALDOA,exc,0.0640899804750812,-19.0099971301943,1958,0.23646578140960164,-7.6281750154229755,False,False,,below the house reporting floor - null only
S12-C astrocyte internal,PKM,astro,0.548133331343016,-9.09171558730663,1951,0.05176832393644285,1.60328792499691,True,False,,measurable
S12-C astrocyte internal,PKM,exc,0.817359838975959,-7.48810200528426,4205,0.04470868014268728,-1.38951547730199,True,True,,measurable
S12-C astrocyte internal,LDHA,astro,0.123001597229479,-20.8341985911208,2342,0.0892399658411614,-2.25571629650352,True,False,,measurable
S12-C astrocyte internal,LDHA,exc,0.344053192211141,-15.3603270020732,2847,0.09237794169301018,-4.97632937642275,True,False,,measurable
S12-C astrocyte internal,PFKFB3,astro,0.779179292740816,-5.19582061587613,1517,0.05273566249176005,2.14760663564886,True,False,,measurable
S12-C astrocyte internal,PFKFB3,exc,0.748932160330491,-7.14018165490287,4008,0.0815868263473054,-1.9423533285740748,True,False,,measurable
S12-C astrocyte internal,AQP4,astro,0.914928871042379,-5.25548306336306,1026,0.037037037037037035,2.178854572090925,True,True,,measurable
S12-C astrocyte internal,AQP4,exc,0.151495277080459,-1.99494514392349,2203,0.7013163867453472,-6.58308608561498,True,False,,measurable
S12-C astrocyte internal,SLC1A3,astro,0.991461539609798,-0.037546770891872,763,0.2490170380078637,2.05036254986806,True,False,,measurable
S12-C astrocyte internal,SLC1A3,exc,0.121043942375105,10.7557397957253,2169,0.9575841401567543,-7.35722793383846,True,False,,measurable
S12-C astrocyte internal,GJA1,astro,0.842411667238883,7.59347906658103,1311,0.9023646071700991,2.05623025457424,True,False,DIRECTION KNOWN BEFORE THE PANEL WAS FIXED,measurable
S12-C astrocyte internal,GJA1,exc,0.0323314562272429,31.7523598631416,2108,0.9909867172675522,-8.388807576232729,False,False,DIRECTION KNOWN BEFORE THE PANEL WAS FIXED,below the house reporting floor - null only
S12-C astrocyte internal,SLC1A2,astro,0.990356913615262,5.0869586067932,768,0.8111979166666666,2.052573313330255,True,False,,measurable
S12-C astrocyte internal,SLC1A2,exc,0.65657854068194,-8.11024113731624,3754,0.10229088971763452,-2.723809640684005,True,False,,measurable
S12-E control transporters,SLC16A1,astro,0.0812347927333522,-11.125574633915,2167,0.24319335486848176,-3.17833829227358,False,False,,below the house reporting floor - null only
S12-E control transporters,SLC16A1,exc,0.240096192263911,-16.4592983947603,2441,0.12003277345350266,-5.6714370188953,True,False,,measurable
S12-E control transporters,SLC16A3,astro,0.0602170440805481,-43.1952363233837,2027,0.004440059200789344,-4.10755565360631,False,True,,below the house reporting floor - null only
S12-E control transporters,SLC16A3,exc,0.0907871029996005,-36.379954742669,2066,0.05759922555663117,-7.80208978657021,False,False,,below the house reporting floor - null only
S12-E control transporters,SLC16A7,astro,0.0928930751892045,-12.1337793610807,2242,0.2096342551293488,-2.914716039327865,False,False,,below the house reporting floor - null only
S12-E control transporters,SLC16A7,exc,0.900471161167274,2.267816798656,3490,0.8719197707736389,-1.21053920910085,True,False,,measurable
S12-E control transporters,SLC16A8,astro,0.0019853413145049,-21.8302065567493,1779,0.3041034288926363,-7.60542136047916,False,False,,NOT MEASURABLE (below the null floor)
S12-E control transporters,SLC16A8,exc,0.0152535600937799,-30.0890622564439,2002,0.13286713286713286,-8.904696909559105,False,False,,NOT MEASURABLE (below the null floor)
S12-F channel route,PANX1,astro,0.0298099744741831,0.0302218437109536,1900,0.6752631578947368,-6.72848276815898,False,False,,below the house reporting floor - null only
S12-F channel route,PANX1,exc,0.118592396589547,-14.9807317790748,2151,0.24639702463970248,-7.43734274645249,True,False,,measurable
S12-F channel route,PANX2,astro,0.0626651341224941,-16.4428712209457,2029,0.17545588960078856,-3.88563745502397,False,False,,below the house reporting floor - null only
S12-F channel route,PANX2,exc,0.19126278731408,-16.8456390203439,2306,0.13876843018213356,-6.02913999862274,True,False,,measurable
S12-F channel route,GJA1,astro,0.842411667238883,7.59347906658103,1311,0.9023646071700991,2.05623025457424,True,False,DIRECTION KNOWN BEFORE THE PANEL WAS FIXED,measurable
S12-F channel route,GJA1,exc,0.0323314562272429,31.7523598631416,2108,0.9909867172675522,-8.388807576232729,False,False,DIRECTION KNOWN BEFORE THE PANEL WAS FIXED,below the house reporting floor - null only
S12-F channel route,GJB6,astro,0.317311280619785,11.6776434213081,2501,0.9460215913634547,0.0977536961752623,True,False,,measurable
S12-F channel route,GJB6,exc,0.0055875945149301,21.6490300390446,1914,0.9498432601880877,-8.316444298849738,False,False,,NOT MEASURABLE (below the null floor)
S12-F channel route,CALHM1,astro,0.00049260348405,13.5888501655673,1300,0.6330769230769231,-5.674236476546925,False,False,,NOT MEASURABLE (below the null floor)
S12-F channel route,CALHM1,exc,0.0305553670910886,-15.7381120965228,2117,0.3264052905054322,-8.30744389677808,False,False,,below the house reporting floor - null only
S12-F channel route,BEST1,astro,0.122165664044424,6.10833713432968,2344,0.8348976109215017,-2.298349495023455,True,False,,measurable
S12-F channel route,BEST1,exc,0.0270393739964267,-3.12167136966517,2066,0.6534365924491772,-8.335485772885121,False,False,,below the house reporting floor - null only
S12-F channel route,LRRC8A,astro,0.523950978489648,7.37808024590316,2003,0.8602096854717923,1.61977101592525,True,False,,measurable
S12-F channel route,LRRC8A,exc,0.362791083369142,-0.503785211587882,2905,0.7559380378657488,-4.81507378329815,True,False,,measurable
S12-G specificity contrast,CP,astro,0.132614828857608,-44.6845507839688,2378,0.0021026072329688814,-2.064513766378305,True,True,,measurable
S12-G specificity contrast,CP,exc,0.0420019449532985,-38.0743855012216,1982,0.05196770938446014,-8.004278481047049,False,False,,below the house reporting floor - null only
S12-G specificity contrast,FTH1,astro,0.735964532549148,-19.2095981844449,1598,0.0012515644555694619,2.138768567349535,True,True,,measurable
S12-G specificity contrast,FTH1,exc,0.770165321030373,-14.6290458256626,4072,0.005893909626719057,-1.774738964461445,True,True,,measurable
S12-G specificity contrast,FTL,astro,0.605976922273141,-15.7832921531029,1877,0.012786361214704315,1.80401297687132,True,True,,measurable
S12-G specificity contrast,FTL,exc,0.536867419016819,-11.9806490503724,3442,0.06624055781522371,-3.4411671455784303,True,False,,measurable
S12-G specificity contrast,TFRC,astro,0.302831723664373,-11.4782274231058,2555,0.09354207436399217,-0.0073662576940081,True,False,,measurable
S12-G specificity contrast,TFRC,exc,0.464608634688016,-7.8072505408864,3292,0.22934386391251518,-3.99580017308018,True,False,,measurable
S12-G specificity contrast,SLC40A1,astro,0.0382887253511666,-2.99561798899096,1951,0.5873910814966684,-5.90303160512294,False,False,,below the house reporting floor - null only
S12-G specificity contrast,SLC40A1,exc,0.0050387859872899,3.01994930011447,1850,0.7502702702702703,-8.0421765538029,False,False,,NOT MEASURABLE (below the null floor)
