mediator,control,window
SLC16A3,WRAP73,0.3
SLC16A3,AL020995.1,0.3
SLC16A3,ZMYM4-AS1,0.3
SLC16A3,AL138787.2,0.3
SLC16A3,GJA9,0.3
SLC16A3,SLFNL1-AS1,0.3
SLC16A3,AC098484.4,0.3
SLC16A3,KDM4A-AS1,0.3
SLC16A3,AL357079.1,0.3
SLC16A3,AC099788.1,0.3
SLC16A3,AL139294.1,0.3
SLC16A3,PEX11B,0.3
SLC16A3,LINC00624,0.3
SLC16A3,AL450992.2,0.3
SLC16A3,CCDC181,0.3
SLC16A3,AL139142.1,0.3
SLC16A3,PTPN7,0.3
SLC16A3,ID2-AS1,0.3
SLC16A3,RMDN2-AS1,0.3
SLC16A3,AC068725.1,0.3
SLC16A3,AC007682.1,0.3
SLC16A3,AC018462.1,0.3
SLC16A3,AC092567.1,0.3
SLC16A3,AC009501.3,0.3
SLC16A3,AC007389.3,0.3
SLC16A3,RETSAT,0.3
SLC16A3,AC015971.1,0.3
SLC16A3,MTLN,0.3
SLC16A3,NCKAP5-AS2,0.3
SLC16A3,LINC01931,0.3
SLC16A3,AC078883.1,0.3
SLC16A3,AC010894.3,0.3
SLC16A3,EEF1B2,0.3
SLC16A3,MDH1B,0.3
SLC16A3,AC009950.1,0.3
SLC16A3,SP140,0.3
SLC16A3,AC019130.1,0.3
SLC16A3,CHL1-AS1,0.3
SLC16A3,AC018832.1,0.3
SLC16A3,MKRN2OS,0.3
SLC16A3,MYL3,0.3
SLC16A3,CADM2-AS1,0.3
SLC16A3,CCDC80,0.3
SLC16A3,ZBTB20-AS2,0.3
SLC16A3,ARHGAP31-AS1,0.3
SLC16A3,ITGB5-AS1,0.3
SLC16A3,AC055733.2,0.3
SLC16A3,ACKR4,0.3
SLC16A3,RBP2,0.3
SLC16A3,RNF7,0.3
SLC16A3,AC092574.2,0.3
SLC16A3,LINC00504,0.3
SLC16A3,AC107068.2,0.3
SLC16A3,TMPRSS11D,0.3
SLC16A3,AC034139.1,0.3
SLC16A3,HERC5,0.3
SLC16A3,PYURF,0.3
SLC16A3,AC018797.3,0.3
SLC16A3,HHIP,0.3
SLC16A3,AC069272.1,0.3
SLC16A3,AC099343.4,0.3
SLC16A3,AC025178.1,0.3
SLC16A3,AC026704.1,0.3
SLC16A3,VCAN-AS1,0.3
SLC16A3,STARD4-AS1,0.3
SLC16A3,TH2LCRR,0.3
SLC16A3,AL031768.2,0.3
SLC16A3,AL513188.1,0.3
SLC16A3,HCG25,0.3
SLC16A3,AL590999.1,0.3
SLC16A3,MRPL2,0.3
SLC16A3,COL10A1,0.3
SLC16A3,AL024508.1,0.3
SLC16A3,IL20RA,0.3
SLC16A3,AL078581.4,0.3
SLC16A3,AL138733.1,0.3
SLC16A3,SYTL3,0.3
SLC16A3,MRPL32,0.3
SLC16A3,AC068533.3,0.3
SLC16A3,SPDYE21P,0.3
SLC16A3,SPDYE5,0.3
SLC16A3,CYP3A5,0.3
SLC16A3,DOCK4-AS1,0.3
SLC16A3,AC078842.2,0.3
SLC16A3,AC073342.1,0.3
SLC16A3,AC090541.1,0.3
SLC16A3,AC011853.2,0.3
SLC16A3,HEY1,0.3
SLC16A3,AC104316.1,0.3
SLC16A3,ZNF517,0.3
SLC16A3,C8orf33,0.3
SLC16A3,LINC01241,0.3
SLC16A3,CNTFR-AS1,0.3
SLC16A3,MAMDC2,0.3
SLC16A3,LINC02603,0.3
SLC16A3,AL162394.1,0.3
SLC16A3,AL807761.4,0.3
SLC16A3,ASTN2-AS1,0.3
SLC16A3,AL354754.1,0.3
SLC16A3,AL157938.3,0.3
SLC16A3,AL365356.1,0.3
SLC16A3,LINC00707,0.3
SLC16A3,COMMD3,0.3
SLC16A3,AL391839.1,0.3
SLC16A3,NUDT13,0.3
SLC16A3,SYNPO2L,0.3
SLC16A3,AL359094.1,0.3
SLC16A3,CNGA4,0.3
SLC16A3,TIMM10B,0.3
SLC16A3,AC026894.1,0.3
SLC16A3,AC011092.3,0.3
SLC16A3,AL133330.2,0.3
SLC16A3,AC087521.2,0.3
SLC16A3,AC127035.1,0.3
SLC16A3,AC090559.1,0.3
SLC16A3,AP000442.1,0.3
SLC16A3,AP003108.1,0.3
SLC16A3,YIF1A,0.3
SLC16A3,AP002748.6,0.3
SLC16A3,P4HA3,0.3
SLC16A3,AQP11,0.3
SLC16A3,AP001767.3,0.3
SLC16A3,AP002370.2,0.3
SLC16A3,AP002518.2,0.3
SLC16A3,APOA1-AS,0.3
SLC16A3,SRPRA,0.3
SLC16A3,AP000844.2,0.3
SLC16A3,PZP,0.3
SLC16A3,AC022509.2,0.3
SLC16A3,AC009318.1,0.3
SLC16A3,CCDC65,0.3
SLC16A3,AC009779.2,0.3
SLC16A3,TSFM,0.3
SLC16A3,AC073571.1,0.3
SLC16A3,AC078955.1,0.3
SLC16A3,DEPDC4,0.3
SLC16A3,NT5DC3,0.3
SLC16A3,WASF3-AS1,0.3
SLC16A3,LPAR6,0.3
SLC16A3,PCDH9-AS1,0.3
SLC16A3,AL161430.1,0.3
SLC16A3,RNF212B,0.3
SLC16A3,G2E3-AS1,0.3
SLC16A3,AL139353.2,0.3
SLC16A3,AL358334.4,0.3
SLC16A3,FRMD6-AS2,0.3
SLC16A3,WDHD1,0.3
SLC16A3,AL139021.1,0.3
SLC16A3,AL359317.2,0.3
SLC16A3,ACOT2,0.3
SLC16A3,AF107885.2,0.3
SLC16A3,CHRM5,0.3
SLC16A3,OIP5,0.3
SLC16A3,AC025043.1,0.3
SLC16A3,DUOX1,0.3
SLC16A3,SLC28A2,0.3
SLC16A3,AC020892.2,0.3
SLC16A3,MNS1,0.3
SLC16A3,AC073167.1,0.3
SLC16A3,AC100830.1,0.3
SLC16A3,SLC24A1,0.3
SLC16A3,AC022872.1,0.3
SLC16A3,AC027243.3,0.3
SLC16A3,FSD2,0.3
SLC16A3,AC103876.1,0.3
SLC16A3,AL023882.1,0.3
SLC16A3,ZSCAN32,0.3
SLC16A3,AC093249.2,0.3
SLC16A3,CTF1,0.3
SLC16A3,AC007495.1,0.3
SLC16A3,AC018557.3,0.3
SLC16A3,CES4A,0.3
SLC16A3,DHODH,0.3
SLC16A3,AC015853.3,0.3
SLC16A3,AC024619.3,0.3
SLC16A3,AC004253.1,0.3
SLC16A3,AC005899.8,0.3
SLC16A3,AC015849.3,0.3
SLC16A3,AC015923.1,0.3
SLC16A3,AC011933.4,0.3
SLC16A3,AP000919.2,0.3
SLC16A3,AP005329.2,0.3
SLC16A3,AC016493.1,0.3
SLC16A3,AC012254.1,0.3
SLC16A3,MYO5B,0.3
SLC16A3,TCF4-AS1,0.3
SLC16A3,AC011444.2,0.3
SLC16A3,AC119396.1,0.3
SLC16A3,ZNF20,0.3
SLC16A3,CYP4F3,0.3
SLC16A3,CYP4F12,0.3
SLC16A3,AC011477.9,0.3
SLC16A3,WDR88,0.3
SLC16A3,THAP8,0.3
SLC16A3,POLR2I,0.3
SLC16A3,ZNF829,0.3
SLC16A3,LIPE,0.3
SLC16A3,CEACAM1,0.3
SLC16A3,BICRA-AS1,0.3
SLC16A3,AKT1S1,0.3
SLC16A3,LENG9,0.3
SLC16A3,EDDM13,0.3
SLC16A3,AC006116.8,0.3
SLC16A3,UBOX5-AS1,0.3
SLC16A3,LINC00658,0.3
SLC16A3,OVOL2,0.3
SLC16A3,AL049646.1,0.3
SLC16A3,KIZ-AS1,0.3
SLC16A3,AL117381.1,0.3
SLC16A3,TP53RK,0.3
SLC16A3,APCDD1L-DT,0.3
SLC16A3,FP236383.3,0.3
SLC16A3,AP000962.1,0.3
SLC16A3,AC007666.1,0.3
SLC16A3,DDT,0.3
SLC16A3,AL021393.1,0.3
SLC16A3,RASL10A,0.3
SLC16A3,Z82217.1,0.3
SLC16A3,ADGRG2,0.3
SLC16A3,AC131011.1,0.3
SLC16A3,SATL1,0.3
SLC16A3,AL035427.1,0.3
CP,SSU72,0.3
CP,NBPF3,0.3
CP,PAFAH2,0.3
CP,TMEM222,0.3
CP,FAM76A,0.3
CP,PPP1R8,0.3
CP,MECR,0.3
CP,SLC2A1,0.3
CP,TCEANC2,0.3
CP,DNAJB4,0.3
CP,GNG5,0.3
CP,LRRC8C-DT,0.3
CP,GSTM4,0.3
CP,GSTM5,0.3
CP,RBM15,0.3
CP,GOLPH3L,0.3
CP,SLC27A3,0.3
CP,PMF1,0.3
CP,NCSTN,0.3
CP,ALDH9A1,0.3
CP,SFT2D2,0.3
CP,ARL8A,0.3
CP,PPFIA4,0.3
CP,ELK4,0.3
CP,SPATA17,0.3
CP,AIDA,0.3
CP,COQ8A,0.3
CP,TAF5L,0.3
CP,SLC35F3,0.3
CP,MEMO1,0.3
CP,STPG4,0.3
CP,PCBP1,0.3
CP,LOXL3,0.3
CP,CNNM3,0.3
CP,AC011997.1,0.3
CP,SLC4A3,0.3
CP,ATG16L1,0.3
CP,EDEM1,0.3
CP,PLCL2,0.3
CP,AC104162.2,0.3
CP,NFKBIZ,0.3
CP,AC026341.1,0.3
CP,AC092910.3,0.3
CP,TPRA1,0.3
CP,LINC02021,0.3
CP,LINC00884,0.3
CP,ZNF595,0.3
CP,AFAP1,0.3
CP,CEP135,0.3
CP,CASP6,0.3
CP,AC109927.1,0.3
CP,AC107214.1,0.3
CP,FRG1-DT,0.3
CP,CCT5,0.3
CP,AK6,0.3
CP,AC008462.1,0.3
CP,C5orf63,0.3
CP,PCDHB14,0.3
CP,HAVCR2,0.3
CP,ZNF354B,0.3
CP,ZSCAN23,0.3
CP,BAG6,0.3
CP,PBX2,0.3
CP,TSBP1-AS1,0.3
CP,TTBK1,0.3
CP,AKIRIN2,0.3
CP,TSPYL4,0.3
CP,AL133346.1,0.3
CP,HECA,0.3
CP,CCDC170,0.3
CP,GTF2H5,0.3
CP,SNX8,0.3
CP,LINC01176,0.3
CP,ELMO1,0.3
CP,EPDR1,0.3
CP,MPLKIP,0.3
CP,BLVRA,0.3
CP,PILRA,0.3
CP,UPK3BL1,0.3
CP,CTTNBP2,0.3
CP,PLXNA4,0.3
CP,ZNF282,0.3
CP,REPIN1,0.3
CP,AC245187.2,0.3
CP,LINC00599,0.3
CP,PDLIM2,0.3
CP,LEPROTL1,0.3
CP,ADAM32,0.3
CP,ZMAT4,0.3
CP,AC060765.2,0.3
CP,CA3,0.3
CP,TP53INP1,0.3
CP,DEPTOR,0.3
CP,PCAT1,0.3
CP,PUF60,0.3
CP,FRMPD1,0.3
CP,GNG10,0.3
CP,TMEM268,0.3
CP,ZBTB26,0.3
CP,SET,0.3
CP,SH3GLB2,0.3
CP,MIGA2,0.3
CP,BRD3,0.3
CP,INPP5E,0.3
CP,PAXX,0.3
CP,NELFB,0.3
CP,DEPP1,0.3
CP,NCOA4,0.3
CP,AGAP5,0.3
CP,SCD,0.3
CP,PSD,0.3
CP,TRUB1,0.3
CP,IKZF5,0.3
CP,BUB3,0.3
CP,CFAP46,0.3
CP,SIGIRR,0.3
CP,PIDD1,0.3
CP,CD151,0.3
CP,OSBPL5,0.3
CP,LIN7C,0.3
CP,PRR5L,0.3
CP,C11orf74,0.3
CP,PRDM11,0.3
CP,SERPING1,0.3
CP,PATL1,0.3
CP,DAGLA,0.3
CP,AP001453.1,0.3
CP,PPP2R5B,0.3
CP,B4GAT1,0.3
CP,GRK2,0.3
CP,IGHMBP2,0.3
CP,ARCN1,0.3
CP,SC5D,0.3
CP,AP001977.1,0.3
CP,NCAPD2,0.3
CP,CLSTN3,0.3
CP,ASB8,0.3
CP,DAZAP2,0.3
CP,HELB,0.3
CP,TRHDE,0.3
CP,PPTC7,0.3
CP,GATC,0.3
CP,SERP2,0.3
CP,EBPL,0.3
CP,SALL2,0.3
CP,C14orf93,0.3
CP,AP1G2,0.3
CP,TIMM9,0.3
CP,AL160313.1,0.3
CP,CRIP2,0.3
CP,GABRG3,0.3
CP,BAHD1,0.3
CP,SLC30A4,0.3
CP,GTF2A2,0.3
CP,SNUPN,0.3
CP,ZNF774,0.3
CP,CIAO3,0.3
CP,NAA60,0.3
CP,PAM16,0.3
CP,ROGDI,0.3
CP,LYRM1,0.3
CP,C16orf87,0.3
CP,FCSK,0.3
CP,CNTNAP4,0.3
CP,C16orf46,0.3
CP,SMYD4,0.3
CP,SLC13A5,0.3
CP,AC005726.1,0.3
CP,AC130324.2,0.3
CP,C17orf75,0.3
CP,MYO1D,0.3
CP,SP2,0.3
CP,HGS,0.3
CP,DUS1L,0.3
CP,METTL4,0.3
CP,FECH,0.3
CP,CCBE1,0.3
CP,SOCS6,0.3
CP,ZNF236-DT,0.3
CP,PARD6G,0.3
CP,CSNK1G2,0.3
CP,LSM7,0.3
CP,TYK2,0.3
CP,C19orf44,0.3
CP,MED26,0.3
CP,DDA1,0.3
CP,XRCC1,0.3
CP,DHX34,0.3
CP,KDELR1,0.3
CP,CYTH2,0.3
CP,SLC17A7,0.3
CP,SCAF1,0.3
CP,ZNF350-AS1,0.3
CP,PRPF31,0.3
CP,RDH13,0.3
CP,KMT5C,0.3
CP,PEG3,0.3
CP,PXMP4,0.3
CP,PABPC1L,0.3
CP,ARFRP1,0.3
CP,HSPA13,0.3
CP,CFAP298,0.3
CP,RUNX1,0.3
CP,SEZ6L,0.3
CP,MN1,0.3
CP,CBY1,0.3
CP,GTPBP1,0.3
CP,NPTXR,0.3
CP,PPP2R3B,0.3
CP,LINC00106,0.3
CP,AC073529.1,0.3
CP,REPS2,0.3
CP,KLHL15,0.3
CP,ZC3H12B,0.3
CP,GDPD2,0.3
CP,DLG3,0.3
CP,ZDHHC15,0.3
CP,HDX,0.3
CP,RAB9B,0.3
CP,IL1RAPL2,0.3
CP,NKAP,0.3
CP,ATP6AP1,0.3
CP,AC011043.1,0.3
CP,AC007325.2,0.3
FTH1,PRDM16,0.3
FTH1,FBXO42,0.3
FTH1,ARHGEF10L,0.3
FTH1,ZBTB8OS,0.3
FTH1,SFPQ,0.3
FTH1,AL139260.1,0.3
FTH1,SPATA6,0.3
FTH1,NRDC,0.3
FTH1,TUT4,0.3
FTH1,LRRC7,0.3
FTH1,USP33,0.3
FTH1,TGFBR3,0.3
FTH1,CAPZA1,0.3
FTH1,PDE4DIP,0.3
FTH1,VPS45,0.3
FTH1,ASH1L,0.3
FTH1,DNM3,0.3
FTH1,ABL2,0.3
FTH1,CSRP1,0.3
FTH1,PPP1R12B,0.3
FTH1,ATP2B4,0.3
FTH1,EPHX1,0.3
FTH1,MTR,0.3
FTH1,DNMT3A,0.3
FTH1,RAB10,0.3
FTH1,HADHB,0.3
FTH1,BIRC6,0.3
FTH1,ATL2,0.3
FTH1,PREPL,0.3
FTH1,WDPCP,0.3
FTH1,ANKRD36,0.3
FTH1,DPP10,0.3
FTH1,EPB41L5,0.3
FTH1,MAP3K2,0.3
FTH1,DARS,0.3
FTH1,SLC25A12,0.3
FTH1,ANKRD44,0.3
FTH1,AC093865.1,0.3
FTH1,XRCC5,0.3
FTH1,AGAP1,0.3
FTH1,RAMP1,0.3
FTH1,SUMF1,0.3
FTH1,ATG7,0.3
FTH1,CAPN7,0.3
FTH1,ANKRD28,0.3
FTH1,PDCD6IP,0.3
FTH1,NKTR,0.3
FTH1,FAM107A,0.3
FTH1,PDZRN3,0.3
FTH1,CD47,0.3
FTH1,DZIP3,0.3
FTH1,MRAS,0.3
FTH1,AC046134.2,0.3
FTH1,SLC25A36,0.3
FTH1,TFDP2,0.3
FTH1,TRPC1,0.3
FTH1,U2SURP,0.3
FTH1,NMD3,0.3
FTH1,SOX2-OT,0.3
FTH1,FAM193A,0.3
FTH1,HTT,0.3
FTH1,KIAA0232,0.3
FTH1,OCIAD1,0.3
FTH1,AC104596.1,0.3
FTH1,GAB1,0.3
FTH1,DCLK2,0.3
FTH1,CYP4V2,0.3
FTH1,AC124852.1,0.3
FTH1,RANBP3L,0.3
FTH1,CPLANE1,0.3
FTH1,MTREX,0.3
FTH1,WDR41,0.3
FTH1,TENT2,0.3
FTH1,ZFYVE16,0.3
FTH1,RASA1,0.3
FTH1,TTC37,0.3
FTH1,FER,0.3
FTH1,DMXL1,0.3
FTH1,RAPGEF6,0.3
FTH1,FAM13B,0.3
FTH1,NDFIP1,0.3
FTH1,LARP1,0.3
FTH1,SH3PXD2B,0.3
FTH1,SLC22A23,0.3
FTH1,ZFAND3,0.3
FTH1,DAAM2,0.3
FTH1,UBR2,0.3
FTH1,AL391807.1,0.3
FTH1,LMBRD1,0.3
FTH1,SMAP1,0.3
FTH1,LINC00472,0.3
FTH1,RIMS1,0.3
FTH1,PHIP,0.3
FTH1,DOP1A,0.3
FTH1,SNX14,0.3
FTH1,MFSD4B,0.3
FTH1,TPD52L1,0.3
FTH1,PTPRK,0.3
FTH1,AHI1,0.3
FTH1,BCLAF1,0.3
FTH1,SYNE1,0.3
FTH1,TIAM2,0.3
FTH1,RNF216,0.3
FTH1,JAZF1,0.3
FTH1,COA1,0.3
FTH1,COBL,0.3
FTH1,LINC00174,0.3
FTH1,GATAD1,0.3
FTH1,AC002429.2,0.3
FTH1,CUX1,0.3
FTH1,AASS,0.3
FTH1,AC016831.7,0.3
FTH1,LUC7L2,0.3
FTH1,HIPK2,0.3
FTH1,ESYT2,0.3
FTH1,DLC1,0.3
FTH1,AC106845.1,0.3
FTH1,PPP3CC,0.3
FTH1,PURG,0.3
FTH1,WRN,0.3
FTH1,HGSNAT,0.3
FTH1,TOX,0.3
FTH1,ADHFE1,0.3
FTH1,ASAP1,0.3
FTH1,AGO2,0.3
FTH1,NRBP2,0.3
FTH1,RFX3-AS1,0.3
FTH1,RIC1,0.3
FTH1,NFIB,0.3
FTH1,FAM189A2,0.3
FTH1,MEGF9,0.3
FTH1,GSN,0.3
FTH1,RXRA,0.3
FTH1,NACC2,0.3
FTH1,WDR37,0.3
FTH1,PFKP,0.3
FTH1,LINC02649,0.3
FTH1,SLC39A12,0.3
FTH1,CACNB2,0.3
FTH1,ABI1,0.3
FTH1,RASSF4,0.3
FTH1,ANAPC16,0.3
FTH1,CPEB3,0.3
FTH1,ENTPD1-AS1,0.3
FTH1,ZNF518A,0.3
FTH1,LCOR,0.3
FTH1,WDR11,0.3
FTH1,DOCK1,0.3
FTH1,ST5,0.3
FTH1,LDLRAD3,0.3
FTH1,C11orf49,0.3
FTH1,CELF1,0.3
FTH1,PTPRJ,0.3
FTH1,CTNND1,0.3
FTH1,SF1,0.3
FTH1,PACS1,0.3
FTH1,FAM168A,0.3
FTH1,ATM,0.3
FTH1,RDX,0.3
FTH1,ZBTB16,0.3
FTH1,MIR100HG,0.3
FTH1,LRP6,0.3
FTH1,DNM1L,0.3
FTH1,SCAF11,0.3
FTH1,METTL7A,0.3
FTH1,MON2,0.3
FTH1,SRGAP1,0.3
FTH1,ZDHHC17,0.3
FTH1,VEZT,0.3
FTH1,CDK17,0.3
FTH1,CHST11,0.3
FTH1,APPL2,0.3
FTH1,AC079385.1,0.3
FTH1,HECTD4,0.3
FTH1,ZMYM2,0.3
FTH1,STARD13,0.3
FTH1,LHFPL6,0.3
FTH1,FOXO1,0.3
FTH1,ENOX1,0.3
FTH1,FNDC3A,0.3
FTH1,CAB39L,0.3
FTH1,DZIP1,0.3
FTH1,MBNL2,0.3
FTH1,CLYBL,0.3
FTH1,IRS2,0.3
FTH1,FOXG1,0.3
FTH1,SCFD1,0.3
FTH1,HECTD1,0.3
FTH1,FERMT2,0.3
FTH1,SAMD4A,0.3
FTH1,ZBTB1,0.3
FTH1,SRSF5,0.3
FTH1,SIPA1L1,0.3
FTH1,IFT43,0.3
FTH1,FLRT2,0.3
FTH1,DICER1,0.3
FTH1,SLC25A29,0.3
FTH1,KLC1,0.3
FTH1,UBE3A,0.3
FTH1,KATNBL1,0.3
FTH1,CASC4,0.3
FTH1,MYEF2,0.3
FTH1,RNF111,0.3
FTH1,RAB11A,0.3
FTH1,LINC01578,0.3
FTH1,MAPK8IP3,0.3
FTH1,CREBBP,0.3
FTH1,ADCY9,0.3
FTH1,SYT17,0.3
FTH1,UQCRC2,0.3
FTH1,EEF2K,0.3
FTH1,LONP2,0.3
FTH1,MT2A,0.3
FTH1,AC138627.1,0.3
FTH1,PLCG2,0.3
FTH1,ZZEF1,0.3
FTH1,STX8,0.3
FTH1,SPECC1,0.3
FTH1,WSB1,0.3
FTH1,SSH2,0.3
FTH1,RHOT1,0.3
FTH1,TAF15,0.3
FTH1,DDX5,0.3
FTH1,LINC00511,0.3
FTH1,SLC39A11,0.3
FTH1,CDC42EP4,0.3
FTH1,SMCHD1,0.3
FTH1,CEP192,0.3
FTH1,CDH2,0.3
FTH1,PIAS2,0.3
FTH1,CTIF,0.3
FTH1,ZNF532,0.3
FTH1,CIRBP,0.3
FTH1,GNG7,0.3
FTH1,PTPRS,0.3
FTH1,RFX2,0.3
FTH1,SLC27A1,0.3
FTH1,DPY19L3,0.3
FTH1,SIPA1L3,0.3
FTH1,APOE,0.3
FTH1,ARHGAP35,0.3
FTH1,CSNK2A1,0.3
FTH1,PTPRA,0.3
FTH1,RIN2,0.3
FTH1,RBM39,0.3
FTH1,EPB41L1,0.3
FTH1,SLC13A3,0.3
FTH1,EYA2,0.3
FTH1,KLHL22,0.3
FTH1,KIAA1671,0.3
FTH1,TMEM184B,0.3
FTH1,TAFA5,0.3
FTH1,PTCHD1-AS,0.3
FTH1,PTCHD1,0.3
FTH1,SAT1,0.3
FTH1,RBMX,0.3
FTH1,MTMR1,0.3
FTH1,MT-CO1,0.3
FTH1,MT-CO2,0.3
FTH1,MT-ATP6,0.3
FTH1,MT-CO3,0.3
FTH1,MT-ND3,0.3
FTH1,MT-ND4,0.3
FTL,CLSTN1,0.2
FTL,KAZN,0.2
FTL,HP1BP3,0.2
FTL,AHDC1,0.2
FTL,SRSF4,0.2
FTL,INPP5B,0.2
FTL,AL139260.1,0.2
FTL,HIVEP3,0.2
FTL,FOXJ3,0.2
FTL,RNF220,0.2
FTL,ARMH1,0.2
FTL,OSBPL9,0.2
FTL,SSBP3,0.2
FTL,SRSF11,0.2
FTL,ZRANB2,0.2
FTL,ST6GALNAC3,0.2
FTL,AC118549.1,0.2
FTL,FUBP1,0.2
FTL,PKN2,0.2
FTL,RPAP2,0.2
FTL,F3,0.2
FTL,GPSM2,0.2
FTL,KCND3,0.2
FTL,TRIM33,0.2
FTL,OTUD7B,0.2
FTL,INTS3,0.2
FTL,PBXIP1,0.2
FTL,ARHGEF11,0.2
FTL,KCNJ10,0.2
FTL,DCAF8,0.2
FTL,MGST3,0.2
FTL,PRRC2C,0.2
FTL,BRINP2,0.2
FTL,NEK7,0.2
FTL,RCOR3,0.2
FTL,TGFB2,0.2
FTL,RAB3GAP2,0.2
FTL,KIDINS220,0.2
FTL,MBOAT2,0.2
FTL,UBXN2A,0.2
FTL,RAB10,0.2
FTL,MTA3,0.2
FTL,RHOQ,0.2
FTL,EFEMP1,0.2
FTL,VPS54,0.2
FTL,ALMS1,0.2
FTL,MAT2A,0.2
FTL,ANKRD36,0.2
FTL,GLI2,0.2
FTL,UBXN4,0.2
FTL,GTDC1,0.2
FTL,CERS6,0.2
FTL,ICA1L,0.2
FTL,INO80D,0.2
FTL,AC093865.1,0.2
FTL,C2orf72,0.2
FTL,SEPTIN2,0.2
FTL,TTLL3,0.2
FTL,LRRFIP2,0.2
FTL,ITGA9-AS1,0.2
FTL,EIF1B-AS1,0.2
FTL,CTNNB1,0.2
FTL,ANO10,0.2
FTL,PLXNB1,0.2
FTL,PRKAR2A,0.2
FTL,RBM5,0.2
FTL,SUCLG2,0.2
FTL,ROBO2,0.2
FTL,SENP7,0.2
FTL,DZIP3,0.2
FTL,MYLK,0.2
FTL,ITGB5,0.2
FTL,OSBPL11,0.2
FTL,PPP2R3A,0.2
FTL,ARMC8,0.2
FTL,PIK3CB,0.2
FTL,RASA2,0.2
FTL,PHC3,0.2
FTL,PIK3CA,0.2
FTL,MCCC1,0.2
FTL,MAP3K13,0.2
FTL,TBC1D1,0.2
FTL,PDS5A,0.2
FTL,SLC30A9,0.2
FTL,FRYL,0.2
FTL,SEPTIN11,0.2
FTL,HERC3,0.2
FTL,AC104596.1,0.2
FTL,AC002460.2,0.2
FTL,TBCA,0.2
FTL,MSH3,0.2
FTL,ATP6AP1L,0.2
FTL,AC091826.2,0.2
FTL,TTC37,0.2
FTL,CAST,0.2
FTL,LINC02062,0.2
FTL,YTHDC2,0.2
FTL,HSD17B4,0.2
FTL,ALDH7A1,0.2
FTL,MARCH3,0.2
FTL,LINC01184,0.2
FTL,RAPGEF6,0.2
FTL,ACSL6,0.2
FTL,UBE2D2,0.2
FTL,DPYSL3,0.2
FTL,FBXW11,0.2
FTL,RREB1,0.2
FTL,RANBP9,0.2
FTL,ID4,0.2
FTL,CCND3,0.2
FTL,ZNF451,0.2
FTL,IBTK,0.2
FTL,RNGTT,0.2
FTL,MDN1,0.2
FTL,GRIK2,0.2
FTL,PDSS2,0.2
FTL,SESN1,0.2
FTL,RNF217,0.2
FTL,EPB41L2,0.2
FTL,BCLAF1,0.2
FTL,PLEKHG1,0.2
FTL,TIAM2,0.2
FTL,SNX9,0.2
FTL,MICALL2,0.2
FTL,TNRC18,0.2
FTL,SCRN1,0.2
FTL,OGDH,0.2
FTL,GTF2IRD1,0.2
FTL,CDK14,0.2
FTL,SGCE,0.2
FTL,CASTOR3,0.2
FTL,LINC01004,0.2
FTL,RHEB,0.2
FTL,RBM33,0.2
FTL,MCPH1,0.2
FTL,AC106845.1,0.2
FTL,SLC7A2,0.2
FTL,INTS10,0.2
FTL,TACC1,0.2
FTL,SLC20A2,0.2
FTL,PRKDC,0.2
FTL,ATP6V1H,0.2
FTL,NSMAF,0.2
FTL,ZC2HC1A,0.2
FTL,MRPS28,0.2
FTL,EIF3E,0.2
FTL,RFX3-AS1,0.2
FTL,AK3,0.2
FTL,FOCAD,0.2
FTL,MTAP,0.2
FTL,PTAR1,0.2
FTL,VPS13A,0.2
FTL,NAA35,0.2
FTL,MFSD14C,0.2
FTL,TMEM245,0.2
FTL,ECPAS,0.2
FTL,PHYHD1,0.2
FTL,GPR107,0.2
FTL,SETX,0.2
FTL,NACC2,0.2
FTL,LARP4B,0.2
FTL,PFKP,0.2
FTL,LINC02649,0.2
FTL,NSUN6,0.2
FTL,ARHGAP12,0.2
FTL,CCDC7,0.2
FTL,RASSF4,0.2
FTL,MAPK8,0.2
FTL,MICU1,0.2
FTL,CFAP70,0.2
FTL,ADK,0.2
FTL,BTAF1,0.2
FTL,AL157396.1,0.2
FTL,HPSE2,0.2
FTL,SLF2,0.2
FTL,CACUL1,0.2
FTL,NAP1L4,0.2
FTL,STIM1,0.2
FTL,FAR1,0.2
FTL,PDE3B,0.2
FTL,BBOX1,0.2
FTL,FNBP4,0.2
FTL,FADS2,0.2
FTL,AHNAK,0.2
FTL,RTN3,0.2
FTL,SF1,0.2
FTL,ARRB1,0.2
FTL,ACER3,0.2
FTL,CUL5,0.2
FTL,KDM5A,0.2
FTL,TULP3,0.2
FTL,GAPDH,0.2
FTL,AEBP2,0.2
FTL,AC053513.1,0.2
FTL,TMTC1,0.2
FTL,TMBIM6,0.2
FTL,ITGA7,0.2
FTL,USP15,0.2
FTL,CPSF6,0.2
FTL,FRS2,0.2
FTL,ZDHHC17,0.2
FTL,ATP2A2,0.2
FTL,ALDH2,0.2
FTL,HIP1R,0.2
FTL,EP400,0.2
FTL,IFT88,0.2
FTL,SACS,0.2
FTL,SPATA13,0.2
FTL,PDS5B,0.2
FTL,LINC00598,0.2
FTL,ITM2B,0.2
FTL,UGGT2,0.2
FTL,NALCN,0.2
FTL,IRS2,0.2
FTL,ANKRD10,0.2
FTL,ACIN1,0.2
FTL,ARMH4,0.2
FTL,MNAT1,0.2
FTL,ZBTB1,0.2
FTL,AC005225.2,0.2
FTL,GPATCH2L,0.2
FTL,ITPK1,0.2
FTL,UNC79,0.2
FTL,SLC25A29,0.2
FTL,WDR20,0.2
FTL,MOK,0.2
FTL,APBA2,0.2
FTL,DPH6,0.2
FTL,DPH6-DT,0.2
FTL,TP53BP1,0.2
FTL,SECISBP2L,0.2
FTL,TRPM7,0.2
FTL,DMXL2,0.2
FTL,TMOD2,0.2
FTL,CCPG1,0.2
FTL,USP3,0.2
FTL,PTPN9,0.2
FTL,ABHD2,0.2
FTL,LINC01578,0.2
FTL,MEF2A,0.2
FTL,UQCRC2,0.2
FTL,RBL2,0.2
FTL,MT3,0.2
FTL,GAN,0.2
FTL,MINK1,0.2
FTL,MAP2K4,0.2
FTL,EPN2,0.2
FTL,NLK,0.2
FTL,FAM222B,0.2
FTL,ZNF207,0.2
FTL,AP2B1,0.2
FTL,STAT3,0.2
FTL,SMURF2,0.2
FTL,CEP112,0.2
FTL,RNF157,0.2
FTL,LPIN2,0.2
FTL,LAMA1,0.2
FTL,RAB31,0.2
FTL,ROCK1,0.2
FTL,KIAA1328,0.2
FTL,SMAD4,0.2
FTL,NEDD4L,0.2
FTL,PIGN,0.2
FTL,RELCH,0.2
FTL,ZNF516,0.2
FTL,PALM,0.2
FTL,PWWP3A,0.2
FTL,PLIN5,0.2
FTL,KDM4B,0.2
FTL,INSR,0.2
FTL,NWD1,0.2
FTL,SLC27A1,0.2
FTL,ZNF708,0.2
FTL,ZNF254,0.2
FTL,AKT2,0.2
FTL,PLD3,0.2
FTL,APOE,0.2
FTL,ATRN,0.2
FTL,SNTA1,0.2
FTL,PLCG1,0.2
FTL,STAU1,0.2
FTL,PDXK,0.2
FTL,PRMT2,0.2
FTL,KLHL22,0.2
FTL,SPECC1L,0.2
FTL,KREMEN1,0.2
FTL,MTMR3,0.2
FTL,TIMP3,0.2
FTL,MRTFA,0.2
FTL,ACO2,0.2
FTL,DHRSX,0.2
FTL,NLGN4X,0.2
FTL,CDKL5,0.2
FTL,TSPAN7,0.2
FTL,DDX3X,0.2
FTL,CASK,0.2
FTL,ZMAT1,0.2
FTL,TMEM164,0.2
P2RY12,NMNAT1,0.2
P2RY12,DISP3,0.2
P2RY12,AL031428.1,0.2
P2RY12,ATP5IF1,0.2
P2RY12,GMEB1,0.2
P2RY12,MAP7D1,0.2
P2RY12,MYCBP,0.2
P2RY12,NDUFS5,0.2
P2RY12,MUTYH,0.2
P2RY12,LRRC39,0.2
P2RY12,PSMA5,0.2
P2RY12,FMO5,0.2
P2RY12,PMVK,0.2
P2RY12,SLC19A2,0.2
P2RY12,PAPPA2,0.2
P2RY12,AL354771.1,0.2
P2RY12,AC096677.1,0.2
P2RY12,AL513217.1,0.2
P2RY12,AL360091.3,0.2
P2RY12,ITPKB-AS1,0.2
P2RY12,LINC02814,0.2
P2RY12,ACP1,0.2
P2RY12,AGBL5,0.2
P2RY12,EIF2B4,0.2
P2RY12,NDUFAF7,0.2
P2RY12,ATP6V1E2,0.2
P2RY12,AC018682.1,0.2
P2RY12,AC093110.1,0.2
P2RY12,RPS27A,0.2
P2RY12,DUSP11,0.2
P2RY12,AC008067.1,0.2
P2RY12,COX5B,0.2
P2RY12,UNC50,0.2
P2RY12,AC093610.1,0.2
P2RY12,DPP10-AS1,0.2
P2RY12,MZT2B,0.2
P2RY12,SSB,0.2
P2RY12,PJVK,0.2
P2RY12,KCTD18,0.2
P2RY12,AC005037.1,0.2
P2RY12,AC007563.2,0.2
P2RY12,IRS1,0.2
P2RY12,AC005237.1,0.2
P2RY12,TRNT1,0.2
P2RY12,RBMS3-AS2,0.2
P2RY12,RPSA,0.2
P2RY12,RPL29,0.2
P2RY12,DENND6A-AS1,0.2
P2RY12,FILIP1L,0.2
P2RY12,NEPRO,0.2
P2RY12,LINC00903,0.2
P2RY12,CCDC58,0.2
P2RY12,MBD4,0.2
P2RY12,AC092969.1,0.2
P2RY12,NCK1-DT,0.2
P2RY12,B3GALNT1,0.2
P2RY12,TMEM128,0.2
P2RY12,AC079921.1,0.2
P2RY12,DANCR,0.2
P2RY12,AC093827.4,0.2
P2RY12,CISD2,0.2
P2RY12,NUDT6,0.2
P2RY12,RPS3A,0.2
P2RY12,AC023424.3,0.2
P2RY12,GUCY1A1,0.2
P2RY12,NDUFS6,0.2
P2RY12,MED10,0.2
P2RY12,CMBL,0.2
P2RY12,AC091885.2,0.2
P2RY12,TTC23L,0.2
P2RY12,SMIM15-AS1,0.2
P2RY12,DIMT1,0.2
P2RY12,MEF2C-AS2,0.2
P2RY12,POLR3G,0.2
P2RY12,AC106818.2,0.2
P2RY12,SLF1,0.2
P2RY12,RGMB,0.2
P2RY12,WDR36,0.2
P2RY12,HINT1,0.2
P2RY12,SLC22A4,0.2
P2RY12,UQCRQ,0.2
P2RY12,SRA1,0.2
P2RY12,AC244517.11,0.2
P2RY12,TAF7,0.2
P2RY12,FAM114A2,0.2
P2RY12,MRPL22,0.2
P2RY12,HIST1H4C,0.2
P2RY12,ZNF322,0.2
P2RY12,GNL1,0.2
P2RY12,RPS18,0.2
P2RY12,RPL10A,0.2
P2RY12,FOXP4,0.2
P2RY12,ZNF451-AS1,0.2
P2RY12,KHDC1,0.2
P2RY12,COX7A2,0.2
P2RY12,AL391840.1,0.2
P2RY12,RGS17,0.2
P2RY12,CNKSR3,0.2
P2RY12,DYNLT1,0.2
P2RY12,PDE10A,0.2
P2RY12,TBP,0.2
P2RY12,AC073343.2,0.2
P2RY12,CCZ1B,0.2
P2RY12,TOMM7,0.2
P2RY12,UBE2D4,0.2
P2RY12,POLD2,0.2
P2RY12,DDX56,0.2
P2RY12,PKD1L1,0.2
P2RY12,STEAP2,0.2
P2RY12,FAM200A,0.2
P2RY12,AP4M1,0.2
P2RY12,STAG3,0.2
P2RY12,RINT1,0.2
P2RY12,ST7-AS2,0.2
P2RY12,AC004594.1,0.2
P2RY12,AUXG01000058.1,0.2
P2RY12,FAM167A-AS1,0.2
P2RY12,AC100800.1,0.2
P2RY12,ATP6V1B2,0.2
P2RY12,CCAR2,0.2
P2RY12,COPS5,0.2
P2RY12,RBIS,0.2
P2RY12,ZFPM2-AS1,0.2
P2RY12,SPATC1,0.2
P2RY12,RPL8,0.2
P2RY12,C9orf24,0.2
P2RY12,AL591368.1,0.2
P2RY12,AL354733.3,0.2
P2RY12,CTSL,0.2
P2RY12,AL590705.1,0.2
P2RY12,SEC61B,0.2
P2RY12,TEX10,0.2
P2RY12,RNF20,0.2
P2RY12,PAPPA,0.2
P2RY12,RPL35,0.2
P2RY12,TTF1,0.2
P2RY12,RPL7A,0.2
P2RY12,EDF1,0.2
P2RY12,GTPBP4,0.2
P2RY12,CELF2-AS2,0.2
P2RY12,AL139815.1,0.2
P2RY12,LINC00836,0.2
P2RY12,PCDH15,0.2
P2RY12,DNA2,0.2
P2RY12,RRP12,0.2
P2RY12,PGAM1,0.2
P2RY12,ZFYVE27,0.2
P2RY12,CHUK,0.2
P2RY12,ZDHHC6,0.2
P2RY12,AC022395.1,0.2
P2RY12,AC023282.1,0.2
P2RY12,RPL27A,0.2
P2RY12,AC011092.2,0.2
P2RY12,CTR9,0.2
P2RY12,RPS13,0.2
P2RY12,BBOX1-AS1,0.2
P2RY12,SELENOH,0.2
P2RY12,EEF1G,0.2
P2RY12,FAU,0.2
P2RY12,SYT12,0.2
P2RY12,TMEM134,0.2
P2RY12,DDX25,0.2
P2RY12,NTM-AS1,0.2
P2RY12,CD27-AS1,0.2
P2RY12,NECAP1,0.2
P2RY12,A2ML1-AS1,0.2
P2RY12,STRAP,0.2
P2RY12,AC024257.3,0.2
P2RY12,RPS26,0.2
P2RY12,DPY19L2,0.2
P2RY12,AC020611.2,0.2
P2RY12,MDM1,0.2
P2RY12,GLIPR1L1,0.2
P2RY12,AC012085.2,0.2
P2RY12,PLXNC1,0.2
P2RY12,LTA4H,0.2
P2RY12,SYCP3,0.2
P2RY12,C12orf45,0.2
P2RY12,GLTP,0.2
P2RY12,MAP1LC3B2,0.2
P2RY12,RPLP0,0.2
P2RY12,EXOSC8,0.2
P2RY12,PROSER1,0.2
P2RY12,ALG11,0.2
P2RY12,OBI1,0.2
P2RY12,LINC01080,0.2
P2RY12,DAD1,0.2
P2RY12,BCL2L2,0.2
P2RY12,KHNYN,0.2
P2RY12,POLE2,0.2
P2RY12,ZC2HC1C,0.2
P2RY12,PSMC1,0.2
P2RY12,INF2,0.2
P2RY12,LINC02250,0.2
P2RY12,EMC7,0.2
P2RY12,AC068724.3,0.2
P2RY12,SHC4,0.2
P2RY12,AC009560.4,0.2
P2RY12,RPL4,0.2
P2RY12,AC009690.2,0.2
P2RY12,CSK,0.2
P2RY12,ARRDC4,0.2
P2RY12,SELENOS,0.2
P2RY12,SNRPA1,0.2
P2RY12,ELOB,0.2
P2RY12,MPV17L,0.2
P2RY12,RPS15A,0.2
P2RY12,MIR762HG,0.2
P2RY12,FBXL19,0.2
P2RY12,AC137494.1,0.2
P2RY12,GINS3,0.2
P2RY12,AC092115.3,0.2
P2RY12,CMTR2,0.2
P2RY12,DHX38,0.2
P2RY12,TMEM231,0.2
P2RY12,LYRM9,0.2
P2RY12,AC068025.2,0.2
P2RY12,ATAD5,0.2
P2RY12,CCT6B,0.2
P2RY12,RPL23,0.2
P2RY12,AARSD1,0.2
P2RY12,RPL27,0.2
P2RY12,DUSP3,0.2
P2RY12,MRPL27,0.2
P2RY12,TSPOAP1-AS1,0.2
P2RY12,POLG2,0.2
P2RY12,ARSG,0.2
P2RY12,COG1,0.2
P2RY12,MCRIP1,0.2
P2RY12,DSCAS,0.2
P2RY12,AC023421.2,0.2
P2RY12,MBD1,0.2
P2RY12,RBFA,0.2
P2RY12,RPL36,0.2
P2RY12,ZNF358,0.2
P2RY12,ZNF433,0.2
P2RY12,RFX1,0.2
P2RY12,MVB12A,0.2
P2RY12,RPL18A,0.2
P2RY12,MEF2B,0.2
P2RY12,COX6B1,0.2
P2RY12,RPS16,0.2
P2RY12,PRKD2,0.2
P2RY12,PNKP,0.2
P2RY12,RPS9,0.2
P2RY12,ZNF211,0.2
P2RY12,ERVK3-1,0.2
P2RY12,ADAM33,0.2
P2RY12,PLCB4,0.2
P2RY12,POLR3F,0.2
P2RY12,AL078587.2,0.2
P2RY12,ID1,0.2
P2RY12,NOL4L,0.2
P2RY12,RPS21,0.2
P2RY12,UCKL1,0.2
P2RY12,AP001172.1,0.2
P2RY12,MRPL39,0.2
P2RY12,PAXBP1-AS1,0.2
P2RY12,POFUT2,0.2
P2RY12,AC007666.2,0.2
P2RY12,PPM1F,0.2
P2RY12,AC003681.1,0.2
P2RY12,ANKRD54,0.2
P2RY12,EIF3L,0.2
P2RY12,RPL3,0.2
P2RY12,PMM1,0.2
P2RY12,ARSD,0.2
P2RY12,PDHA1,0.2
P2RY12,LAS1L,0.2
P2RY12,RPS4X,0.2
P2RY12,RPL36A,0.2
P2RY12,BEX4,0.2
P2RY12,TCEAL3,0.2
P2RY12,BCORL1,0.2
P2RY12,MT-ATP8,0.2
TFRC,ACAP3,0.15
TFRC,ERRFI1,0.15
TFRC,TARDBP,0.15
TFRC,TRNAU1AP,0.15
TFRC,HDAC1,0.15
TFRC,BSDC1,0.15
TFRC,AC119674.1,0.15
TFRC,ODF2L,0.15
TFRC,MFSD14A,0.15
TFRC,DBT,0.15
TFRC,SLC30A7,0.15
TFRC,COL11A1,0.15
TFRC,AMY2B,0.15
TFRC,AKNAD1,0.15
TFRC,LRIG2,0.15
TFRC,NBPF12,0.15
TFRC,AC244033.2,0.15
TFRC,SETDB1,0.15
TFRC,CHTOP,0.15
TFRC,LMNA,0.15
TFRC,RO60,0.15
TFRC,LPGAT1,0.15
TFRC,SRP9,0.15
TFRC,EIF2AK2,0.15
TFRC,DHX57,0.15
TFRC,PIGF,0.15
TFRC,MSH2,0.15
TFRC,PNPT1,0.15
TFRC,LINC02245,0.15
TFRC,TET3,0.15
TFRC,SLC4A5,0.15
TFRC,ANKRD36B,0.15
TFRC,RPL31,0.15
TFRC,TBC1D8,0.15
TFRC,SLC20A1,0.15
TFRC,DNAJB2,0.15
TFRC,PDE6D,0.15
TFRC,COPS7B,0.15
TFRC,D2HGDH,0.15
TFRC,MTMR14,0.15
TFRC,METTL6,0.15
TFRC,GALNT15,0.15
TFRC,OXNAD1,0.15
TFRC,SGO1-AS1,0.15
TFRC,RARB,0.15
TFRC,ITGA9,0.15
TFRC,SCAP,0.15
TFRC,SHISA5,0.15
TFRC,RHOA,0.15
TFRC,NISCH,0.15
TFRC,GBE1,0.15
TFRC,NSUN3,0.15
TFRC,NECTIN3,0.15
TFRC,SEC22A,0.15
TFRC,RPN1,0.15
TFRC,MSL2,0.15
TFRC,PCCB,0.15
TFRC,NME9,0.15
TFRC,GK5,0.15
TFRC,PARL,0.15
TFRC,PIGZ,0.15
TFRC,BDH1,0.15
TFRC,PCGF3,0.15
TFRC,EVC2,0.15
TFRC,TBC1D14,0.15
TFRC,SEL1L3,0.15
TFRC,MANBA,0.15
TFRC,GSTCD,0.15
TFRC,PLA2G12A,0.15
TFRC,KLHL2,0.15
TFRC,STOX2,0.15
TFRC,SDHA,0.15
TFRC,RETREG1,0.15
TFRC,CDH12,0.15
TFRC,LMBRD2,0.15
TFRC,NNT-AS1,0.15
TFRC,ERCC8,0.15
TFRC,IPO11,0.15
TFRC,MRPS27,0.15
TFRC,LINC02060,0.15
TFRC,SRP19,0.15
TFRC,AC011416.4,0.15
TFRC,PAIP2,0.15
TFRC,GALNT10,0.15
TFRC,CLINT1,0.15
TFRC,TTC1,0.15
TFRC,AC113414.1,0.15
TFRC,COL23A1,0.15
TFRC,MRNIP,0.15
TFRC,TBC1D9B,0.15
TFRC,SYCP2L,0.15
TFRC,ZSCAN16-AS1,0.15
TFRC,SYNGAP1,0.15
TFRC,OARD1,0.15
TFRC,CASP8AP2,0.15
TFRC,OSTM1,0.15
TFRC,NUS1,0.15
TFRC,SERINC1,0.15
TFRC,ECHDC1,0.15
TFRC,PEX3,0.15
TFRC,TFB1M,0.15
TFRC,C1GALT1,0.15
TFRC,YAE1,0.15
TFRC,CCM2,0.15
TFRC,ZNF138,0.15
TFRC,CALN1,0.15
TFRC,GTF2IRD2B,0.15
TFRC,GSAP,0.15
TFRC,HGF,0.15
TFRC,DYNC1I1,0.15
TFRC,PILRB,0.15
TFRC,MDFIC,0.15
TFRC,AC016831.5,0.15
TFRC,AGK,0.15
TFRC,ATP6V0E2,0.15
TFRC,PTK2B,0.15
TFRC,FNTA,0.15
TFRC,CPNE3,0.15
TFRC,RBM12B,0.15
TFRC,WASHC1,0.15
TFRC,UHRF2,0.15
TFRC,MOB3B,0.15
TFRC,GBA2,0.15
TFRC,C9orf85,0.15
TFRC,KIF27,0.15
TFRC,XPA,0.15
TFRC,PSMD5,0.15
TFRC,SLC25A25,0.15
TFRC,PTPA,0.15
TFRC,GRIN1,0.15
TFRC,EXD3,0.15
TFRC,GDI2,0.15
TFRC,DHTKD1,0.15
TFRC,NUDT5,0.15
TFRC,TRDMT1,0.15
TFRC,CUL2,0.15
TFRC,LINC01515,0.15
TFRC,FAM149B1,0.15
TFRC,RPS24,0.15
TFRC,R3HCC1L,0.15
TFRC,PDCD4,0.15
TFRC,FAM160B1,0.15
TFRC,EIF3A,0.15
TFRC,TIAL1,0.15
TFRC,ACADSB,0.15
TFRC,EEF1AKMT2,0.15
TFRC,AP006621.3,0.15
TFRC,IMMP1L,0.15
TFRC,SDHAF2,0.15
TFRC,RBM4,0.15
TFRC,C11orf80,0.15
TFRC,CLPB,0.15
TFRC,PAK1,0.15
TFRC,BIRC2,0.15
TFRC,NPAT,0.15
TFRC,TTC12,0.15
TFRC,CBL,0.15
TFRC,PARP11,0.15
TFRC,A2ML1,0.15
TFRC,PDZRN4,0.15
TFRC,AC090115.1,0.15
TFRC,ATF1,0.15
TFRC,ATP5MC2,0.15
TFRC,SMARCC2,0.15
TFRC,MARS,0.15
TFRC,XPOT,0.15
TFRC,CEP83,0.15
TFRC,VPS29,0.15
TFRC,MAPKAPK5,0.15
TFRC,PLBD2,0.15
TFRC,FBXW8,0.15
TFRC,ZNF84,0.15
TFRC,SMAD9,0.15
TFRC,COG3,0.15
TFRC,SETDB2,0.15
TFRC,TRIM13,0.15
TFRC,FAM124A,0.15
TFRC,IPO5,0.15
TFRC,AL390755.1,0.15
TFRC,PCID2,0.15
TFRC,AP4S1,0.15
TFRC,TRAPPC6B,0.15
TFRC,FRMD6,0.15
TFRC,ZBTB25,0.15
TFRC,CHURC1,0.15
TFRC,RDH11,0.15
TFRC,ZFYVE1,0.15
TFRC,GALC,0.15
TFRC,DICER1-AS1,0.15
TFRC,EIF5,0.15
TFRC,TYRO3,0.15
TFRC,DTWD1,0.15
TFRC,DNAAF4,0.15
TFRC,TRIP4,0.15
TFRC,DRAIC,0.15
TFRC,FBXO22,0.15
TFRC,WDR73,0.15
TFRC,SYNM,0.15
TFRC,AC009041.2,0.15
TFRC,GNPTG,0.15
TFRC,RNPS1,0.15
TFRC,CLUAP1,0.15
TFRC,ANKS3,0.15
TFRC,MIR193BHG,0.15
TFRC,NPIPB5,0.15
TFRC,ATXN2L,0.15
TFRC,AC009093.2,0.15
TFRC,MT1M,0.15
TFRC,NAE1,0.15
TFRC,AARS,0.15
TFRC,AC004158.1,0.15
TFRC,FBXO31,0.15
TFRC,RAP1GAP2,0.15
TFRC,NCBP3,0.15
TFRC,XAF1,0.15
TFRC,SHISA6,0.15
TFRC,FLCN,0.15
TFRC,FAM106A,0.15
TFRC,PRPSAP2,0.15
TFRC,SUPT6H,0.15
TFRC,AC005562.1,0.15
TFRC,EIF1,0.15
TFRC,VEZF1,0.15
TFRC,RNF43,0.15
TFRC,RGS9,0.15
TFRC,AMZ2,0.15
TFRC,SAP30BP,0.15
TFRC,SLC38A10,0.15
TFRC,P4HB,0.15
TFRC,ATP5F1A,0.15
TFRC,BTBD2,0.15
TFRC,MKNK2,0.15
TFRC,ELAVL1,0.15
TFRC,TMEM38A,0.15
TFRC,COPE,0.15
TFRC,SLC25A42,0.15
TFRC,ZNF714,0.15
TFRC,ZNF431,0.15
TFRC,C19orf12,0.15
TFRC,ZNF585A,0.15
TFRC,ZNF587B,0.15
TFRC,RBCK1,0.15
TFRC,ZNF337,0.15
TFRC,RALY,0.15
TFRC,GGT7,0.15
TFRC,RPN2,0.15
TFRC,PTPN1,0.15
TFRC,RAB22A,0.15
TFRC,PRPF6,0.15
TFRC,BACH1,0.15
TFRC,HPS4,0.15
TFRC,PIK3IP1,0.15
TFRC,SFI1,0.15
TFRC,TEF,0.15
TFRC,CYB5R3,0.15
TFRC,WWC3,0.15
TFRC,AP1S2,0.15
TFRC,ACOT9,0.15
TFRC,PHF8,0.15
TFRC,PLS3,0.15
TFRC,ATP11C,0.15
TFRC,FMR1,0.15
TFRC,CD99L2,0.15
