gene,rho
SLC16A3,-0.258840643181244
SAMD11,0.197504471231347
MXRA8,0.110344719930689
AURKAIP1,0.0264489137402635
TMEM240,0.194378581801422
PEX10,-0.0326544269926808
PANK4,0.227999301701533
TTC34,-0.0912140158028207
WRAP73,0.271428469807024
LRRC47,-0.0798186147443282
DFFB,0.21578715398632
AJAP1,0.457729411202503
THAP3,0.182280336509003
UBIAD1,0.15488768697999
PDPN,0.0329198143301754
MRTO4,0.0557490373225912
SLC66A1,0.0804000910814006
FAM43B,-0.154642225822371
HSPG2,0.0315459400514609
C1QB,-0.122911926028624
EPHB2,-0.257471211334597
LYPLA2,0.0772762835136051
GALE,0.0548713877298374
IFNLR1,-0.0137954155763712
RHCE,-0.253231063397027
LDLRAP1,0.0265270904712827
STMN1,0.197944514018232
PDIK1L,-0.0999818130289053
CEP85,-0.276065908868266
SH3BGRL3,-0.0622210875342134
UBXN11,0.00512872781396803
PIGV,-0.00197176120769233
SLC9A1,-0.31580507096248
IFI6,0.0894916067576639
RCC1,0.241137777404119
PEF1,0.101794048360802
TMEM234,-0.123209416946743
EIF3I,-0.157138543491993
TSSK3,0.278239301328465
KIAA1522,0.181758962016855
TRIM62,0.0347615061436758
ADPRHL2,0.0235674879969982
MRPS15,0.0657857216900835
SNIP1,-0.0533259547852253
GNL2,-0.516007933593285
UTP11,-0.0795754692098915
CTPS1,0.067961440257091
C1orf50,-0.472246028762767
MED8,-0.297659981188779
SLC6A9,0.455672298577571
HECTD3,-0.0821616939702883
UROD,0.140158613075278
LURAP1,-0.0493109786033775
FAAH,0.36422941751819
LRRC42,-0.072654707709192
MRPL37,0.00699269266896175
C1orf87,0.372737357501231
USP1,-0.127890084919862
SLC44A5,0.160646652295837
MSH4,0.0867088112780577
ADGRL2,0.0137910310939179
COL24A1,0.522903126825393
GBP1,0.154836369169006
DNTTIP2,-0.235107317448658
FAM102B,-0.397820126985495
TAF13,-0.313582504162454
PSRC1,0.198195475237151
SYPL2,-0.0996282280744314
ATXN7L2,0.107119803530814
SLC16A4,0.278676020866963
LAMTOR5,-0.0167207392715565
C1orf162,-0.00527886200415776
INKA2,0.084451677272683
AP4B1,-0.277422590745241
DENND2C,-0.132001493560177
WDR3,-0.633132377031088
NBPF20,0.120245165489024
PEX11B,-0.0157734348175437
C1orf56,-0.0177116739650128
VPS72,0.0423175115964871
ILF2,-0.0946401892235126
CRTC2,0.270809306161496
SLC39A1,-0.0704178420838775
RAB13,-0.125318589084658
HAX1,-0.0445346677643437
SHE,0.111941945717886
PYGO2,0.0807970656728728
THBS3,-0.0967508636584658
MTX1,0.169791215974457
RUSC1,0.0280902949773648
ARHGEF2,0.0627344903897977
SSR2,-0.0837816419911229
LAMTOR2,0.0632888029924403
ISG20L2,-0.150684999421527
PEX19,0.0494061865464708
DUSP12,0.265347981377638
NOS1AP,0.130316866061105
NUF2,-0.00844305477790848
MAEL,-0.245289774573098
MPC2,0.166696414556154
ATP1B1,0.174063018669954
FMO4,-0.192713114157982
TNFSF4,0.245131718290189
DARS2,0.00306382357917753
SEC16B,0.119768079143138
TOR3A,-0.0851200705342356
AXDND1,-0.212415879456059
RNASEL,-0.0912290238607714
RGS16,-0.0332765918740121
NIBAN1,-0.232829382169608
PTPRC,-0.143432679776292
SNRPE,-0.170659588864055
UTP25,-0.226767071923713
TRAF5,0.330212476041982
PACC1,-0.0724817864097699
BPNT1,-0.133604168353716
PYCR2,0.0628757679707449
IBA57,-0.0177294274751378
RNF187,-0.0577881167827605
URB2,-0.00430145619066487
CHRM3,-0.0188979086263612
FH,-0.182592066146342
ZNF670,-0.382441286820687
ZNF672,-0.111114926076827
TMEM18,0.168404660898107
PXDN,0.219644795338581
RSAD2,0.0726548114923569
CYS1,0.229487345593865
RDH14,0.246728773868279
KLHL29,0.304063946949678
SF3B6,0.0253939440483821
FAM228A,0.256925956612751
CENPO,0.25610291096048
TMEM214,0.0338152259947649
EMILIN1,-0.0635163959795877
SLC5A6,0.0814303362693653
UCN,-0.0310371652408967
SNX17,0.161467693861954
FNDC4,-0.209590647571643
GPN1,-0.194922379302541
FAM98A,-0.0169062647228564
PKDCC,0.61033041618335
VRK2,0.396264306146286
OTX1,0.0179582812425771
PNO1,-0.57396680178861
FAM136A,-0.145039327960064
PAIP2B,0.27950341012767
RAB11FIP5,-0.345561199035517
SMYD5,-0.12155703541703
TPRKB,0.157964900863358
BOLA3,-0.265260549229278
MTHFD2,0.0889064499139203
RTKN,0.117302439115378
HK2,-0.0474966649967222
RETSAT,0.0489618706130942
VAMP8,-0.42369454860368
TMEM150A,0.114644109689456
REEP1,-0.172524810885496
ZNF514,0.0371609907582432
RGPD8,-0.223826816690478
TFCP2L1,0.363225582011373
NIFK,-0.186320573393408
CNTNAP5,0.210892585153162
POLR2D,-0.00409720137107307
C2orf27A,0.289973853348406
TMEM163,-0.0116485536154243
NMI,-0.00298210360321928
GALNT13,0.15534186817419
RBMS1,-0.0684864282040547
IFIH1,0.30117883401251
B3GALT1,-0.179792155942482
CHROMR,-0.0437953410872137
SCHLAP1,0.407802631798744
NUP35,-0.161384000108097
CALCRL,0.0998479749395404
ASNSD1,-0.0241251621031339
FZD7,0.33252808659056
EEF1B2,-0.145407416767008
ACADL,0.0164471591777829
CPS1,-0.0600015482614196
SLC11A1,-0.076347565494563
NHEJ1,0.0207719489712287
CNPPD1,0.0209096579543277
TUBA4A,0.096932085375798
SLC19A3,-0.0501675736705865
SP140,-0.103194453908535
SP100,0.0676285428180757
ASB1,0.0118704579348998
DTYMK,0.109520826880825
OXTR,-0.0994886835566397
LSM3,-0.0711722870103634
C3orf20,-0.13820107287046
EAF1,-0.353014220172818
DPH3,-0.352483843379922
TGFBR2,-0.222984422487691
ARPP21,0.243291880054568
C3orf35,0.228689255572234
DLEC1,0.296087246948189
SLC25A38,0.193392100755429
SS18L2,0.0562025533139693
CCDC13,0.425785686085077
HIGD1A,-0.0845770477251938
ZNF852,0.252029499905192
ZKSCAN7,-0.151193227929062
KIAA1143,-0.22123434734123
KIF15,0.0789863722594103
NBEAL2,-0.134344342557056
KIF9,-0.0704113805259346
NME6,-0.272247308422449
SLC26A6,0.0818649476047531
IMPDH2,-0.181136619576816
USP19,0.1879615589193
NICN1,0.0615871297218161
IFRD2,0.0282831314761189
RASSF1,-0.119833788160202
NPRL2,0.0596359931801772
C3orf18,-0.0993801556463652
MAPKAPK3,0.0356816791059611
TEX264,0.154411573792718
PARP3,0.094156072442311
BAP1,0.051902138084292
STAB1,-0.203222530217933
GLT8D1,-0.0998030893799467
ACTR8,-0.0927402856549908
LRTM1,0.356302859526086
PDHB,-0.112028433986185
FEZF2,0.0953370258156459
LNP1,0.450153108520628
IMPG2,-0.12153368718554
GTF2E1,-0.136777955267524
SLC12A8,0.36411976412184
PODXL2,-0.0276194036228489
H1FX,0.15826358520808
ASTE1,-0.111902714626529
CPNE4,0.123986106193215
AMOTL2,0.0337917800215595
DBR1,-0.123289569464987
MRPS22,0.103238759349135
CLSTN2,0.111597810263744
RNF7,-0.0578842787179105
ZIC1,-0.1243327556467
SMC4,0.290453953311347
EIF5A2,-0.181853844267851
ECT2,0.113620195454143
ACTL6A,-0.301686641116779
ABCF3,-0.135491681247629
CHRD,0.0254038139998647
EPHB3,-0.133958495895762
CRYGS,-0.0265785538320202
TBCCD1,-0.368330006430114
WDR53,-0.278477724385446
FBXO45,-0.00447695637769229
NCBP2,-0.15382209734298
MYL5,-0.176967726051579
IDUA,0.0736554896689148
C4orf48,0.181516865712827
TNIP2,-0.314053859364806
LYAR,-0.274064389062977
SH3TC1,-0.159831230505259
LDB2,0.338059855800546
PGM2,-0.285930148491931
UGDH,-0.538016863449474
GABRA4,-0.0399167745221997
UTP3,-0.277059560462091
ADAMTS3,-0.0125878421815377
COX18,-0.0697074744171417
NAAA,-0.0253116436154236
HERC5,-0.00442062191739733
PYURF,-0.177778640257879
MTTP,0.100630096640964
H2AFZ,0.118174458689976
BANK1,0.219026170423204
CFI,0.182927929059112
GAR1,0.0517640252225153
RRH,0.0827135972831058
EXOSC9,-0.325089039732478
SPRY1,-0.19458373830838
TTC29,0.109256389885261
ARHGAP10,0.0226459955999533
IQCM,0.388216862714891
TLR2,-0.0889596165210873
TMA16,-0.271638023972695
SPOCK3,0.477964759835144
SLC25A4,-0.0133605227786239
ANKRD37,0.0159606769267103
SORBS2,0.118143780990903
C5orf49,-0.0630073310138054
DNAH5,-0.0735293845624621
BASP1,0.109132123847112
C1QTNF3,0.247030443702811
RAD1,0.0598452840431928
FBXO4,-0.137203070537254
CCDC152,-0.0872639181651001
GCNT4,-0.0934239158057941
ANKRD31,-0.230663846156918
POC5,-0.306257483690773
RASGRF2,-0.0446650960936659
EDIL3,0.416624755418655
MCTP1,0.128779460882995
SPATA9,0.114147966105411
RIOK2,-0.520800379014085
STARD4,-0.250219130689301
PRR16,0.173020033362898
PPIC,0.0833280980459521
PRDM6,0.154858468116298
IRF1,-0.147940465780432
WDR55,-0.152436880412148
ZMAT2,-0.220483359566673
PCDHB4,0.249020727194929
PCDHB16,0.179014350635439
PCDHB9,0.0123095640169777
PCDHB12,0.106300764765768
YIPF5,-0.402429354690571
SLC26A2,-0.273396391093462
SLC36A1,-0.0483267052106549
SPARC,0.376965018670689
ZBED8,-0.0259582238555931
NUDCD2,-0.23391560343934
DOCK2,-0.0166268475154328
DUSP1,0.414784410837053
HNRNPAB,0.00385816193018586
MGAT4B,0.155922799342033
SERPINB1,-0.219162494868862
TXNDC5,-0.245473858311188
EEF1E1,-0.513744424288522
TPMT,0.00404491064338043
DCDC2,0.091038007425624
HIST1H4C,-0.0738000574400182
HMGN4,-0.300648976276372
ZSCAN12,-0.140088527604978
TRIM39,-0.338872486683121
RPP21,-0.0369058653581339
DHX16,-0.0720586552658088
HCG27,-0.073959855294254
NFKBIL1,-0.087031344998468
GPANK1,0.028456021443779
LY6G5B,0.0721922819527683
VARS,-0.0521323663883019
LSM2,-0.0412853430636588
SNHG32,-0.0888337085120425
PRRT1,0.153381919007526
PPT2,0.247337564980132
HLA-DRA,-0.110242820203054
PSMB9,-0.143767530484065
CUTA,0.234863985395695
HMGA1,0.0706677019006642
SNRPC,-0.265208519717021
CDKN1A,-0.105978567655042
PIM1,-0.0580850078707242
CNPY3,0.106908376770393
SRF,0.233087784239572
YIPF3,0.0720847600950188
MRPS18A,-0.430194672065124
AARS2,-0.0598996742015719
RUNX2,-0.243461895155173
CYP39A1,0.399381955085445
CENPQ,0.0550461416690503
TMEM14A,0.0956486618656525
KHDRBS2,0.0171805041810173
SDHAF4,-0.221989542910261
KCNQ5,0.159893476686374
KHDC1,-0.0555873307151722
FILIP1,-0.0969794817872095
EPHA7,-0.151955514775241
FAXC,-0.25514587953941
DDO,0.0963313730288063
TSPYL1,0.202139976781381
ENPP3,0.163427329700185
IL20RA,0.178840820680312
FUCA2,-0.12998596473564
ZBTB2,-0.0665602355642053
ARMT1,-0.114320555594169
ESR1,0.248381809300855
IPCEF1,-0.305543859081684
AGPAT4,0.172971891567343
CAHM,0.184589162903976
C6orf118,0.583080737903007
THBS2,0.204248563996463
AGMO,0.465016738111601
BZW2,-0.401680289273273
GSDME,-0.125838826020885
C7orf31,0.114831556912219
SNX10,-0.324853178232844
CPVL,0.111019439595763
AOAH,-0.195447199953218
HECW1,-0.0070519237114077
SPDYE1,0.0434265124966221
PGAM2,0.0598785388075452
TBRG4,0.000848554178421645
UPP1,-0.298969789552309
ZNF92,-0.11414058865988
GALNT17,0.211037470214059
BCL7B,-0.012786451365336
LAT2,-0.0838042556340518
SPDYE5,0.0278661212780871
MDH2,-0.0430594343808775
TMEM243,0.243318369554031
TP53TG1,-0.0609865622134469
DBF4,0.0949469558640341
CDK6,-0.0100497919349776
PON1,0.314286971728721
ARPC1B,-0.210918415672329
ATP5MF,-0.0711858737152644
ZSCAN21,0.0556441303372188
MEPCE,0.0161538651889797
CLDN15,0.177016604188716
IFT22,-0.176360773294004
COL26A1,-0.0453943439380945
SH2B2,-0.109842350718845
ORAI2,0.173996548975159
SPDYE2,0.220675648225779
LRRC17,0.0184934994674845
LHFPL3,0.128378931216534
DUS4L,-0.0865976688236183
SLC26A3,-0.0033721792166227
DNAJB9,0.16720004643547
SMIM30,0.18542724560265
FOXP2,0.129791614528924
ANKRD7,-0.247806304748332
IMPDH1,-0.187497863241781
TSPAN33,0.0132837615880068
DGKI,0.0649446595406591
PARP12,0.02369610627085
CASP2,0.00777693233193762
ZYX,-0.201805791717304
ZNF212,-0.32392560594587
ZNF777,-0.289328613275545
TMUB1,0.380614486633554
ABCF2,-0.313592584850198
NCAPG2,0.0879244735209958
ANGPT2,0.184970783367653
NEIL2,-0.398630024982998
SH2D4A,0.0275116431535539
POLR3D,-0.198482237385663
CHMP7,-0.309487469436884
ADAM28,-0.230377818753286
TRIM35,-0.61101573193366
DCTN6,0.232918353260706
NRG1,0.178451407691968
LSM1,0.256003001117469
LETM2,-0.0442197032015679
POMK,-0.170576371705571
GGH,0.207766472508201
MYBL1,0.168879548885558
COPS5,0.0505949824908854
LACTB2,-0.0538080930128628
XKR9,-0.156331337725112
HEY1,-0.120870888685624
TMEM64,-0.165550949202476
SLC26A7,0.112284668432889
DCAF13,-0.502527985237539
RIMS2,0.0964075584163254
TMEM74,0.405781320329137
MED30,0.0611952475148832
TRMT12,0.336166813878231
RNF139,-0.120922426740758
TRIB1,-0.211649690300987
CCDC26,0.245839860164874
CHRAC1,0.360682758207085
JRK,0.0725455732159317
ZNF696,-0.0819022631843017
TOP1MT,0.267233886034401
NAPRT,0.22954973392193
BOP1,0.113275843151309
ADCK5,-0.0258838228433122
LRRC24,0.0540910060849824
ZNF34,0.256506516535706
AF235103.3,-0.130903559966415
C8orf33,-0.2554134975701
DMAC1,-0.00592655367125069
SH3GL2,0.359742907273894
ADAMTSL1,0.135790663574289
SAXO1,-0.136127614180617
SLC24A2,0.356710719431085
DNAJB5,0.281461157721395
TESK1,0.210547005687444
CCDC107,-0.0153672327124773
NPR2,0.200750032742901
TOMM5,-0.157828865598602
ANKRD20A4,0.0860427476831357
CBWD3,0.369062606825328
GCNT1,0.103742595305949
GAS1RR,-0.0716172948826097
ECM2,0.390707151225178
TMOD1,0.596916900370654
TRMO,-0.0813023547759231
ALG2,0.0017402661217417
FRRS1L,0.0286672306082064
SUSD1,-0.123368949387798
ZFP37,-0.0296923642546096
PRPF4,-0.228922443631856
PAPPA,0.0573860281595828
RBM18,-0.432020826752756
PDCL,0.272828896868371
ARPC5L,-0.0774864893810898
DPM2,-0.078978863187416
C9orf16,-0.0361843463686554
WDR34,0.182809365969886
NTMT1,-0.24815300407569
C9orf78,-0.213283751634664
HMCN2,0.0657528499764465
ASS1,0.0864369296456305
UCK1,0.291885656393612
GBGT1,-0.241643364075199
SURF6,0.0618727160376561
SURF1,-0.109044139783903
CACFD1,0.228825128831229
SLC2A6,-0.102045225767281
ADAMTSL2,-0.0931897349113361
SARDH,0.0629421093878378
COL5A1,0.39079512263133
PPP1R26,-0.0577760863574344
MRPS2,0.278082839309749
SSNA1,0.173045170308962
NDOR1,0.159824131817759
NRARP,-0.122024456691899
SUV39H2,-0.378828283305355
COMMD3,0.173777931628766
ARMC4,-0.0661374076717082
SVIL,0.0461045163095277
ZNF22,-0.121435732332345
PCDH15,0.16391660136825
RHOBTB1,0.0569531726578054
CABCOCO1,0.250758689758204
NRBF2,-0.376693242226041
SRGN,0.145199437434517
HKDC1,-0.151040768929719
PCBD1,0.0498277144148771
SLC29A3,0.132069485303923
MSS51,0.2240644002921
SFTPD,-0.0232467977006876
MYOF,-0.0466237887274223
SLC35G1,0.0814195719819229
SLIT1,-0.264886705898792
ZDHHC16,-0.0623964691144707
SEMA4G,0.0368208115979115
SFXN3,0.220335258624553
DPCD,0.0309833489445405
NOLC1,-0.335226187584392
NFKB2,-0.139732065536002
MFSD13A,0.0735653899549299
SFXN2,-0.23928817605959
ITPRIP,0.3842661559735
SORCS3,0.192441804794316
SORCS1,-0.0158606723152227
PAOX,0.0813685092115713
BET1L,-0.240772652490708
RIC8A,0.147047919703422
HRAS,-0.0971877331487842
CEND1,-0.0507250451287329
POLR2L,-0.133569112515265
KCNQ1OT1,-0.294267603427118
RRM1,0.0417213745088972
TRIM5,0.282540156752939
CNGA4,-0.164309159260596
TRIM3,-0.0582885954515084
ARFIP2,0.0952274579754498
TIMM10B,-0.0804990976633523
TAF10,0.0788321218874223
DCHS1,0.123554545151898
ZNF214,0.114122867893659
AKIP1,0.225853837653664
ADM,-0.0679199631099096
USH1C,0.203129193834786
HTATIP2,0.0893974734932809
CCDC34,-0.181284620050079
FJX1,-0.0656595422572416
COMMD9,0.165083431441031
PEX16,-0.185016936339161
PSMC3,-0.00308644290246431
SLC43A3,0.380302253317989
UBE2L6,-0.070164831569933
MED19,-0.14407661979063
STX3,0.301238823570759
MRPL16,-0.0555095052619333
CYB561A3,0.325693888328829
TMEM138,0.174704530816422
PPP1R32,0.164597067965308
TMEM258,-0.0639954716453139
TUT1,-0.0679356105402225
UBXN1,0.272035192277945
TMEM223,-0.133680558864492
C11orf95,-0.114593848893637
DNAJC4,-0.0775284139939949
PPP1R14B,0.206520221616671
BAD,0.114090378489497
ZFPL1,0.247251539875849
SYVN1,0.00739190313003097
POLA2,0.132901821518335
FRMD8,-0.267639502484941
SIPA1,0.0479279622782366
RNASEH2C,0.232104798683034
FIBP,-0.315808076151983
CCDC85B,0.204432247401038
BANF1,-0.0543395583984209
MRPL11,0.238132303726841
DPP3,0.00735450591132112
ZDHHC24,0.00961686030944145
SSH3,0.134103918401563
PPP1CA,0.201154004381913
MRPL21,-0.164930035707465
RELT,0.104858952794219
COA4,-0.256422899795857
PGM2L1,-0.0583383910942626
CAPN5,-0.235911646972939
KCTD21,0.0198732975367905
USP35,0.00063148505207567
TMEM126A,-0.0696214537695733
CCDC81,0.380796356139935
C11orf1,0.155826650246757
TIMM8B,-0.0936891949105272
BUD13,-0.0591115885878642
TAGLN,-0.0590461397528233
DSCAML1,0.186987035602552
TMEM25,0.286607660218201
TRAPPC4,0.0129953771952761
SLC37A4,0.181990234597228
TRIM29,-0.114604497336975
TECTA,-0.138521839946232
JHY,0.410388519322147
ZNF202,-0.273053091341347
CDON,0.120679140894357
RPUSD4,-0.442968772463554
TIRAP,-0.0887353372102004
DCPS,-0.275409744256388
ETS1,-0.0431659487014386
IGSF9B,0.205069353126003
THYN1,0.151236571980015
WNT5B,-0.314434698267517
VAMP1,-0.17235619762471
GPR162,-0.039661598576661
C12orf57,-0.254177586503087
FOXJ2,0.0549190857999254
MAGOHB,0.0238689610065578
MANSC1,0.0452315466161091
CDKN1B,0.334898715329758
HEBP1,0.275653749293641
FAR2,0.024059145506431
OVCH1,0.265150742377817
PKP2,0.385381902926563
C12orf40,0.103705649892759
TWF1,-0.157600475484577
DBX2,-0.0988723211933714
TMEM106C,0.0203988726531175
RND1,-0.136459817587249
CCDC65,-0.0935654804130322
FKBP11,0.0979717588511264
MCRS1,0.188297554314639
BCDIN3D,-0.0187291243559012
NR4A1,0.310269900093631
ZNF740,0.310936134158388
NPFF,0.495128381726004
SMUG1,0.150435865356965
PPP1R1A,0.197909207409482
RDH5,0.200363001995029
DGKA,-0.0337087659187048
NABP2,0.111222774636272
COQ10A,-0.0161246271221862
SPRYD4,-0.0875872069401922
GLI1,0.390870408700859
PIP4K2C,0.328991098654851
ARHGEF25,0.255750689444058
CDK4,0.0167400673938408
MARCH9,0.197013431404045
TSFM,-0.124845478983028
C12orf66,-0.0439023610339212
C12orf56,0.0190020151338999
DYRK2,0.120276307568231
YEATS4,0.159298648867122
CSRP2,-0.0109201274899878
OTOGL,0.289742068839678
DEPDC4,-0.107389375843768
SYCP3,0.160957439869255
PAH,0.149648883220353
C12orf75,-0.148681972220415
KCTD10,-0.266807495634822
MVK,-0.41379760908892
CUX2,-0.0668964817851783
ERP29,-0.0485799583812509
TESC,-0.132016609800144
KSR2,0.0111006634852067
PRKAB1,-0.157641465192531
BICDL1,0.287873394191155
POP5,0.0180146438664815
UNC119B,0.188942587505525
C12orf43,-0.10466098391909
DNAH10,0.193049559903422
TMEM132D,0.138615179454948
PUS1,0.119952312924407
POLE,0.172604233433822
PXMP2,0.179957905783721
MRPL57,-0.18241603202997
FLT1,-0.116105970959696
RFC3,-0.00130750453221592
CCDC169,0.313946737959281
KBTBD7,0.18270441163619
SLC25A30,0.00282651424524607
RCBTB2,0.0443056623012057
CKAP2,0.282377378711518
DCT,-0.213054362594451
SOX21,-0.00558792254887455
BIVM,0.220449359077238
ING1,0.0921518782261941
TMEM255B,-0.347847020967915
CHAMP1,-0.108100121644921
APEX1,0.162492577585495
PIP4P1,0.071585637105159
ABHD4,-0.254512203658916
MRPL52,-0.0737302739831694
CDH24,-0.094983224702361
DHRS4,0.108768724851621
CARMIL3,0.167550057211202
NRL,0.036269937909814
PSME1,0.137627792289212
TM9SF1,0.0513887961188696
CFL2,0.0527074984176812
SLC25A21,0.241995914468657
MDGA2,0.112943916792686
RPL36AL,-0.117517399461525
DNAAF2,0.198230434051134
GNPNAT1,-0.434313073070275
TRMT5,-0.43631763595805
RAB15,-0.0682230084014272
PIGH,0.0857210274668605
EIF2B2,-0.0477326430997019
ERG28,-0.190928958317403
TMEM63C,0.0567037366343583
TSHR,0.0316519609240194
FAM181A,-0.0628459997245535
GLRX5,-0.193166444923469
MEG3,0.137945091420418
SIVA1,0.0305830493325325
CEP170B,0.147368800868384
AHNAK2,0.135288288514192
CHRFAM7A,0.0407765302598627
CHRNA7,-0.168758115300813
EMC4,0.0518513781375334
GPR176,0.0500384959478813
CCDC9B,0.373676340014184
EHD4,0.0156883530828891
CDAN1,0.0803416756548152
ZSCAN29,-0.166395416622097
PATL2,0.00375601980172799
SORD,0.0561454894756063
SQOR,0.183813718810872
ATP8B4,-0.238463535535433
TNFAIP8L3,-0.464748369687329
RSL24D1,-0.112724409234406
MNS1,-0.242093217736266
POLR2M,0.0700874481109531
ANXA2,0.0923547292679187
DAPK2,-0.0180861560680977
SNAPC5,0.0313073179873442
CALML4,0.359525434684948
GLCE,-0.209291006020142
LARP6,0.0172457357940038
STOML1,-0.0906400333382807
MPI,-0.0362021265854159
IMP3,-0.281278221634371
TMEM266,-0.18111833073262
HYKK,-0.244100319696792
GOLGA6L10,0.0186225935424448
GOLGA6L4,0.142112868530907
FANCI,0.173267739295789
RHCG,0.21522151874168
ARPIN,-0.232491747873204
FURIN,0.0356246035342535
RCCD1,0.0870187538619451
MRPL28,-0.0550040546212281
WDR90,0.166963928470571
RHBDL1,0.0969508364646794
SOX8,0.133894065287899
CCDC154,0.207138787086047
JPT2,0.095370074348199
EME2,-0.046070687452488
NUBP2,0.0633643569175852
CCNF,-0.271455344763006
AMDHD2,-0.00785431883387475
KCTD5,-0.406807456314756
PAQR4,0.0332095797262892
ZNF205,0.228776037272783
ZSCAN32,-0.114476852430305
NAA60,0.0111499790081202
SLX4,-0.140192713135519
GLIS2,-0.191089724172156
GRIN2A,0.142295179135651
NUBP1,0.0253767373457354
SNN,0.391114898619383
NPIPB2,0.05636222213627
NPIPA5,0.502919576939189
GDE1,0.0587539918737493
PRKCB,-0.209722369974718
SLC5A11,0.479038587653819
HS3ST4,0.0384168984528617
GSG1L,0.35709422304812
LAT,0.0775154324745288
KIF22,0.0734226070141977
CDIPT,0.00523949012135475
ASPHD1,0.215369450487977
MYLPF,0.272696578206526
SEPTIN1,-0.0812754200603737
ZNF688,0.165427800949483
TMEM265,0.0847674225592932
ZNF629,-0.336406223917653
ORAI3,0.299367891314
ARMC5,-0.0252178918318338
CCDC113,0.038595731529585
SETD6,0.193463458686639
TRADD,0.0746681192876809
FHOD1,-0.0288448948985701
ENKD1,0.116829981375511
TSNAXIP1,0.0475818940897959
NUTF2,0.00295657237797737
PLA2G15,-0.256428610128374
NPIPB15,0.243298358334448
LDHD,0.0109315652321789
ZFP1,-0.0910989910293781
NUDT7,-0.269665323145461
DYNLRB2,0.0220678721363947
SNAI3,-0.0442849811360252
RNF166,0.144363793746053
SPATA33,0.13278595392746
SPATA2L,0.113018188085156
RPH3AL,0.227893107602129
C17orf97,0.0300212187653539
SCARF1,0.0517580366621166
RTN4RL1,0.202633404393981
DPH1,-0.158829092559892
SRR,-0.0494015944130276
SPATA22,0.0508373221039907
MED11,-0.0351949712144945
PFN1,0.0123178106758379
ENO3,0.0816738476616301
C1QBP,0.242325157432194
ELP5,-0.05845742586885
EIF5A,0.0715249437662221
CHRNB1,0.0202198219738797
TNFSF12,0.104347063345937
CHD3,-0.214021572285105
ADPRM,-0.115323610891636
PIRT,0.0498097338421666
HS3ST3B1,-0.0271130394658909
ZNF624,-0.171356348682703
PEMT,-0.119848118601547
SMCR5,0.0358447007424359
LLGL1,0.47259795338697
RNF112,-0.0346776246723706
TMEM199,0.13467222166907
PROCA1,0.0038337838111766
NEK8,-0.17691363404934
ERAL1,-0.126618604956055
ASIC2,0.0140443482695453
ZNHIT3,-0.0113940289747774
PSMB3,-0.114071634744225
PGAP3,-0.0214083956737347
GSDMB,0.071960132155407
KRT10,0.0888671643198289
GHDC,0.276551187905964
STAT5A,-0.135538727127722
HSD17B1,0.176727692759524
PSME3,-0.185291035531249
RUNDC1,0.112755254166601
ETV4,0.182231511482341
MPP3,0.328889129512648
G6PC3,0.27079789110739
FAM171A2,0.0946637094908271
CCDC43,0.229333075740305
ADAM11,-0.0225081327084375
HEXIM1,0.130286718313702
COPZ2,0.0954520524266406
ATP5MC1,0.0374275906561312
PPP1R9B,-0.0592933324497007
MYCBPAP,-0.132733782475391
MMD,-0.23385412228664
C17orf67,-0.0283162768829416
MRPS23,0.163139839888008
TEX14,0.122746143812475
RNFT1,-0.406331100928886
FTSJ3,0.128465985342223
KPNA2,-0.0360876763531423
FDXR,-0.0923410335950161
SUMO2,0.144326013395163
LLGL2,0.00352063794076887
UNC13D,-0.22675851337786
TMC6,0.191799892360531
SYNGR2,-0.104604275258346
CANT1,-0.232325555909226
CBX4,-0.247141784680636
CEP131,0.143017038322626
TEPSIN,0.200467401722328
FAAP100,-0.136447827711427
ARL16,0.0520625883282296
ANAPC11,0.0872632749209526
CENPX,-0.0944988497816643
OGFOD3,0.0545290019111776
B3GNTL1,-0.374950606104538
MYL12A,0.0379736060658412
SEH1L,-0.289014555544386
IMPACT,-0.106281006883614
TAF4B,-0.334390032083545
DSC2,-0.235129636284657
INO80C,-0.183791024007212
CELF4,-0.117212843378352
HAUS1,0.037029391335339
SMAD7,-0.176771198395545
CFAP53,0.160222905245353
DCC,0.24180058730813
DSEL,0.0573188944706832
DOK6,-0.0272865295271292
CD226,-0.127132090317968
DIPK1C,-0.0480899744917943
TPGS1,0.139919205792596
POLRMT,0.00565886253792035
WDR18,0.198048458113895
POLR2E,0.0900067981746855
FAM174C,-0.142241749375033
GAMT,0.073331993481395
TIMM13,0.0459379675979675
APBA3,0.0955112808377855
SIRT6,-0.147135775014603
ACSBG2,-0.186631299172491
CLPP,0.232666907963881
GTF2F1,-0.155150567342929
TUBB4A,0.236645523052246
ZNF557,0.0213205540235277
CAMSAP3,0.281300444985248
XAB2,-0.000525578442985016
PET100,0.0166283613112777
NDUFA7,-0.0128794421613113
ZNF414,0.0885776634899819
ZNF317,0.180166559646704
ICAM1,0.102048958877797
ZGLP1,0.0168157370612846
YIPF2,-0.0420356945347921
TIMM29,0.180841469054166
ZNF136,-0.0232805930471081
ZNF563,-0.0095134999592225
ZNF442,-0.408863620824692
ZNF443,-0.0186204888485206
WDR83OS,0.165939493913886
MAST1,-0.0389180720232602
DNASE2,0.148808004062409
SYCE2,0.160690345925972
C19orf53,-0.0809895953182023
DCAF15,0.0689057194482398
WIZ,0.183833287761452
USE1,-0.135680558355303
MAP1S,-0.00525831280230455
JAK3,-0.273760806273861
RPL18A,0.025053995561427
CCDC124,-0.00890472192322377
KCNN1,0.0876571660006358
ISYNA1,0.274871087084955
ARMC6,0.186311853791912
ZNF85,-0.0406319524274735
ZNF738,-0.028195539224271
ZNF728,-0.270242377822201
FXYD3,0.0270219383034181
TMEM147,0.101238205334388
U2AF1L4,0.339625907613878
LIN37,-0.270544115730193
PROSER3,0.282090287483714
APLP1,0.401523492801429
ALKBH6,-0.113542190895051
THAP8,0.274708721672421
ZNF527,-0.0210637031693219
ZNF570,0.171148714564713
ZNF607,0.437923080024916
DPF1,0.16623301661001
FAM98C,0.0650836531129543
SARS2,0.120254581433642
TIMM50,-0.119569920137613
DYRK1B,0.305897879080972
FCGBP,-0.317696777843971
PSMC4,-0.00514663185834402
ZNF780A,-0.164927696212541
SNRPA,0.303446405756693
CCDC97,-0.143825991220572
GSK3A,-0.00280340309518298
PHLDB3,-0.341141063003781
PLAUR,-0.265539274735399
LYPD5,0.065715731644179
ZNF285,-0.178374769638178
ZNF180,0.0194289065059058
RELB,-0.16268645069301
TRAPPC6A,-0.0600929942947218
SNRPD2,-0.0183479247190689
MYPOP,0.0286035695380213
IGFL4,-0.348865422161089
CCDC8,0.0949191937478192
PPP5D1,0.127157249584197
AP2S1,-0.290863088779261
INAFM1,0.0731783545320761
KPTN,0.136959964490573
NOP53,0.197765461672541
NTN5,0.0115740708698278
RCN3,0.0568002640647609
FUZ,0.0626836217818978
POLD1,0.137331470754083
JOSD2,0.341566488615655
CLEC11A,0.100245327478916
CLDND2,0.185707266489848
ZNF613,0.159894035304496
ZNF350,-0.0388088976073053
ZNF614,0.0484139516439726
ZNF616,0.493605185981958
TNNT1,-0.0235440255753422
ZNF865,-0.0422032844482213
ZFP28,-0.0826129350260907
SMIM17,0.374511156095021
ZNF805,-0.0645495372580946
ZNF548,-0.0687679993832411
ZNF749,0.168908875035866
ZNF419,0.158176697614426
ZNF773,-0.121850882409939
ZNF550,0.140137766750254
ZNF671,0.0568631584829569
ZNF418,-0.109120029125083
ZNF324,-0.0747726053400772
ZNF446,0.0994714320798437
SLC27A5,-0.0510587907963222
CHMP2A,0.111220005525542
ZCCHC3,0.144931213884227
MRPS26,-0.00896380580676027
MCM8,0.16250274347774
MKKS,-0.109539687183924
JAG1,-0.104990724679578
SMIM26,-0.0625371268687265
FAM242A,0.0974013046671602
DUSP15,-0.153722058906261
HCK,-0.443386109656325
C20orf203,0.0297176732129746
TP53INP2,-0.230533301707685
MMP24,0.0694962798714841
TGIF2,0.031198385173791
SRC,0.0546865658443333
PTPRT,0.103983243530135
TTPAL,-0.443102720264836
ADA,-0.117298970031654
ZSWIM3,-0.275984197392089
CD40,0.00169883315145468
SPATA2,0.251827192461549
PARD6B,0.315646180637957
PFDN4,-0.257503449855464
FAM210B,-0.272713154472044
TFAP2C,-0.0502211132767113
PMEPA1,-0.0274060086857571
CTSZ,-0.0838366851419896
MRGBP,0.190821606049877
GATD3B,0.219508868009899
ADAMTS1,0.162004608508206
N6AMT1,-0.0399962805687584
C21orf62,0.0866010103381755
CBR3,-0.357769176528451
AF064858.1,0.0622072070414928
LCA5L,-0.0114693234678039
PCP4,0.429007972035057
MX1,-0.00539060221573523
RSPH1,0.0352524370123021
U2AF1,-0.146649101690472
HSF2BP,-0.0329039651719702
C21orf58,0.0199866954516846
DGCR6,0.320734676596636
PRODH,0.242357894799808
RANBP1,0.107372683426958
RTN4R,0.182249322937184
ZNF280B,-0.101204392323911
GUCD1,-0.14982582783894
XBP1,-0.245124163035897
SEC14L6,0.34995029346118
TCN2,0.338194991103729
SELENOM,0.191234330243967
APOL3,-0.0801904312642842
KCTD17,0.171595217606783
RPS19BP1,-0.0464139032851901
CHADL,0.241781208118611
CSDC2,0.136143677850371
SMDT1,0.0395692285723429
A4GALT,0.24621383729088
TTLL1,-0.014022259699362
PNPLA3,-0.251273420479221
WNT7B,-0.228601890331895
ALG12,0.0332074458803208
PANX2,-0.0379399158677431
ARSF,0.390115872416013
RAI2,-0.181208723087726
SCML2,-0.182639050347964
PRDX4,-0.0566906884268496
DYNLT3,-0.246415355799221
MID1IP1,0.0732774032681497
ARAF,0.107179155312781
ELK1,0.420579679344473
UXT,0.289799860048782
CCDC120,0.362106762782685
GPKOW,0.442571926616537
FAM104B,0.0286977169833625
UBQLN2,0.243530421201553
MTMR8,0.174452659149976
LPAR4,0.26711462250521
ZNF711,-0.0115062894412023
HNRNPH2,0.26614834806628
ARMCX2,-0.297623133277703
TCEAL2,-0.261206039716472
TCEAL8,-0.100503224541912
TCEAL9,0.05217252034309
RAB40A,-0.170140158433507
IL1RAPL2,0.0699052665891593
CXorf56,0.0715506274825422
NKRF,-0.0603174626201826
GRIA3,0.368480162999705
TENM1,-0.132722253795414
APLN,0.133980034030731
UTP14A,-0.399765975863559
SLC25A14,0.0881173521628134
CCDC160,0.469857670089342
FAM122B,-0.0319387431018025
ZNF449,0.114327505593719
MMGT1,0.012896305442808
HTATSF1,0.238493403372834
LDOC1,0.183350847529361
AF274853.1,0.0432233732876896
VMA21,-0.197950941692349
IDH3G,0.0380253062485663
SSR4,0.176353580639121
ARHGAP4,-0.213280714133692
IRAK1,-0.259009281153308
G6PD,0.0821769707736428
SPRY3,0.147902292888549
PCDH11Y,0.0193726128174526
